Fact,Bakersfield,Azusa,Atwater,Antioch,Anaheim,Arcata,Buena Park,Brentwood,Brawley,Beverly Hills,Benicia,Banning,Coalinga,Chino Hills,Chino,Cerritos,Ceres,Burbank,Downey,Dinuba,Davis,Covina,Corona,Colton,Glendale,Fullerton,Fresno,Fountain Valley,Fortuna,El Segundo,Hillsborough,Hemet,Healdsburg,Hayward,Grover Beach,Glendora,Lakewood,La Verne,La Habra,Kerman,Huntington Park,Huntington Beach,Long Beach,Lompoc,Lomita,Livingston,Lincoln,Lathrop,Millbrae,Merced,Manteca,Manhattan Beach,Los Banos,Los Angeles,Mountain View,Morro Bay,Monterey,Monrovia,Modesto,Milpitas,Oxnard,Ontario,Oceanside,Oakdale,Norwalk,Napa,Perris,Patterson,Paso Robles,Pasadena,Paramount,Palo Alto,Red Bluff,Poway,Port Hueneme,Pleasanton,Pismo Beach,Pico Rivera,San Bruno,Sacramento,Rohnert Park,Riverbank,Rialto,Reedley,Santa Barbara,Santa Ana,Sanger,San Luis Obispo,San Juan Capistrano,San Buenaventura,Shasta Lake,Santa Rosa,Santa Maria,Santa Fe Springs,Santa Cruz,Santa Clara,Torrance,Thousand Oaks,Sunnyvale,Sonoma,Soledad,Sierra Madre,Wasco,Victorville,Vallejo,Ukiah,Tustin,Tulare,Newark,Yuba City,Yreka,Woodland,Westminster,West Sacramento,Hermosa Beach,Chico,Beaumont,Ione,Union City,Fremont,San Carlos,Rolling Hills Estates,Palos Verdes Estates,Rancho Palos Verdes,Los Altos,Redondo Beach,Pacific Grove,Duarte,San Marino,Visalia,Selma,Rancho Mirage,Indian Wells,Ojai,Carpinteria,Coronado,Imperial Beach,Moraga,Dublin,Oakley,Palm Springs,Clayton,Half Moon Bay,Moreno Valley,Emeryville,Piedmont,Alameda,Berkeley,San Leandro,Los Alamitos,Stanton,Lawndale,San Dimas,Cypress,Menifee,Westlake Village,Calabasas,Irvine,Yucca Valley,La Mesa,Goleta,Marina,San Anselmo,San Rafael,Mill Valley,Corte Madera,Tiburon,Riverside,Santee,Novato,Montclair,Belmont,Costa Mesa,La Quinta,Diamond Bar,Moorpark,National City,Live Oak,South El Monte,Placentia,Laguna Hills,Aliso Viejo,San Ramon,Walnut Creek,Cathedral City,West Covina,Rancho Santa Margarita,Chula Vista,Encinitas,Laguna Beach,El Cajon,Walnut,Murrieta,Fontana,Pleasant Hill
"Population estimates, July 1, 2019,  (V2019)","384,145","49,974","29,559","111,502","350,365","18,431","81,788","64,474","26,227","33,792","28,240","31,221","17,179","83,853","94,371","49,859","48,706","102,511","111,126","24,461","69,413","47,450","169,868","54,824","199,303","138,632","531,576","55,357","12,259","16,610","11,387","85,334","11,845","159,203","13,459","51,544","79,307","31,974","60,513","15,282","57,509","199,223","462,628","42,853","20,320","14,896","48,275","24,483","22,394","83,676","83,028","35,183","41,036","3,979,576","82,739","10,543","28,178","36,331","215,196","84,196","208,881","185,010","175,742","23,596","103,949","78,130","79,291","22,524","32,153","141,029","53,955","65,364","14,539","49,323","21,926","81,777","8,168","62,027","42,807","513,624","43,291","24,881","103,526","25,658","91,364","332,318","25,339","47,459","35,911","109,106","10,413","176,753","107,263","17,630","64,608","130,365","143,592","126,813","152,703","11,024","25,999","10,793","28,710","122,385","121,692","15,995","79,348","65,496","49,149","67,010","7,518","60,548","90,643","53,519","19,320","103,301","51,063","8,568","74,107","241,110","30,185","8,058","13,273","41,530","30,089","66,749","15,413","21,271","13,048","134,605","24,825","18,528","5,470","7,470","13,385","23,731","27,440","17,783","64,826","42,543","48,518","12,265","12,932","213,055","12,086","11,135","77,624","121,363","88,815","11,399","38,139","32,389","33,621","49,006","94,756","8,217","23,853","287,401","21,777","59,249","30,911","22,781","12,476","58,440","14,259","9,751","9,084","331,360","58,081","55,516","40,083","26,941","113,003","41,748","55,720","36,375","61,394","8,912","20,574","51,233","31,207","50,887","75,995","70,166","55,007","105,101","47,896","274,492","62,709","22,827","102,708","29,685","116,223","214,547","34,839"
"Population estimates base, April 1, 2010,  (V2019)","347,817","46,574","28,215","102,745","336,109","17,410","80,619","51,627","24,976","33,921","27,035","29,592","18,342","74,792","78,069","49,043","45,843","103,357","111,775","21,460","65,639","47,786","152,315","52,148","191,692","135,233","497,172","55,360","12,039","16,656","10,839","78,630","11,255","144,427","13,161","50,267","80,086","31,096","59,016","13,567","58,125","191,038","462,221","42,438","20,256","13,020","42,926","17,589","21,537","78,958","67,348","35,131","35,971","3,793,139","74,008","10,235","27,691","36,600","203,114","66,820","198,047","163,936","167,547","20,744","105,549","77,088","68,564","20,629","29,747","137,114","54,098","64,387","14,071","47,805","21,743","70,280","7,655","62,958","41,109","466,383","40,818","22,675","99,103","24,306","88,380","324,774","24,262","45,121","34,426","107,217","10,164","175,038","99,596","16,218","59,944","116,453","145,151","126,490","140,060","10,657","25,738","10,917","25,549","115,899","115,914","16,083","75,317","59,293","42,573","65,634","7,762","55,553","89,619","48,744","19,508","86,798","36,867","7,913","69,531","214,074","28,379","8,060","13,438","41,688","29,024","66,931","15,039","21,325","13,101","124,528","23,380","17,142","4,958","7,469","13,003","24,701","26,329","16,006","46,036","35,423","44,555","10,918","11,324","193,305","10,112","10,695","73,812","112,513","84,977","11,376","37,827","32,769","33,375","47,865","77,382","8,303","23,462","212,107","20,652","57,016","30,096","19,718","12,309","57,698","13,905","9,265","8,947","303,933","53,420","51,869","36,645","25,833","110,078","37,465","55,568","34,523","58,560","8,465","20,096","50,915","30,673","47,674","71,412","64,157","51,230","106,108","47,855","243,923","59,526","22,733","99,584","29,177","103,731","196,458","33,076"
"Population, percent change - April 1, 2010 (estimates base) to July 1, 2019,  (V2019)",10.40%,7.30%,4.80%,8.50%,4.20%,5.90%,1.50%,24.90%,5.00%,-0.40%,4.50%,5.50%,-6.30%,12.10%,20.90%,1.70%,6.20%,-0.80%,-0.60%,14.00%,5.70%,-0.70%,11.50%,5.10%,4.00%,2.50%,6.90%,0.00%,1.80%,-0.30%,5.10%,8.50%,5.20%,10.20%,2.30%,2.50%,-1.00%,2.80%,2.50%,12.60%,-1.10%,4.30%,0.10%,1.00%,0.30%,14.40%,12.50%,39.20%,4.00%,6.00%,23.30%,0.10%,14.10%,4.90%,11.80%,3.00%,1.80%,-0.70%,5.90%,26.00%,5.50%,12.90%,4.90%,13.70%,-1.50%,1.40%,15.60%,9.20%,8.10%,2.90%,-0.30%,1.50%,3.30%,3.20%,0.80%,16.40%,6.70%,-1.50%,4.10%,10.10%,6.10%,9.70%,4.50%,5.60%,3.40%,2.30%,4.40%,5.20%,4.30%,1.80%,2.40%,1.00%,7.70%,8.70%,7.80%,11.90%,-1.10%,0.30%,9.00%,3.40%,1.00%,-1.10%,12.40%,5.60%,5.00%,-0.50%,5.40%,10.50%,15.40%,2.10%,-3.10%,9.00%,1.10%,9.80%,-1.00%,19.00%,38.50%,8.30%,6.60%,12.60%,6.40%,0.00%,-1.20%,-0.40%,3.70%,-0.30%,2.50%,-0.30%,-0.40%,8.10%,6.20%,8.10%,10.30%,0.00%,2.90%,-3.90%,4.20%,11.10%,40.80%,20.10%,8.90%,12.30%,14.20%,10.20%,19.50%,4.10%,5.20%,7.90%,4.50%,0.20%,0.80%,-1.20%,0.70%,2.40%,22.50%,-1.00%,1.70%,35.50%,5.40%,3.90%,2.70%,15.50%,1.40%,1.30%,2.50%,5.20%,1.50%,9.00%,8.70%,7.00%,9.40%,4.30%,2.70%,11.40%,0.30%,5.40%,4.80%,5.30%,2.40%,0.60%,1.70%,6.70%,6.40%,9.40%,7.40%,-0.90%,0.10%,12.50%,5.30%,0.40%,3.10%,1.70%,12.00%,9.20%,5.30%
"Population, Census, April 1, 2010","347,483","46,361","28,168","102,372","336,265","17,231","80,530","51,481","24,953","34,109","26,997","29,603","13,380","74,799","77,983","49,041","45,417","103,340","111,772","21,453","65,622","47,796","152,374","52,154","191,719","135,161","494,665","55,313","11,926","16,654","10,825","78,657","11,254","144,186","13,156","50,073","80,048","31,063","60,239","13,544","58,114","189,992","462,257","42,434","20,256","13,058","42,819","18,023","21,532","78,958","67,096","35,135","35,972","3,792,621","74,066","10,234","27,810","36,590","201,165","66,790","197,899","163,924","167,086","20,675","105,549","76,915","68,386","20,413","29,793","137,122","54,098","64,403","14,076","47,811","21,723","70,285","7,655","62,942","41,114","466,488","40,971","22,678","99,171","24,194","88,410","324,528","24,270","45,119","34,593","106,433","10,164","167,815","99,553","16,223","59,946","116,468","145,438","126,683","140,081","10,648","25,738","10,917","25,545","115,903","115,942","16,075","75,540","59,278","42,573","64,925","7,765","55,468","89,701","48,744","19,506","86,187","36,877","7,918","69,516","214,089","28,406","8,067","13,438","41,643","28,976","66,748","15,041","21,321","13,147","124,442","23,219","17,218","4,958","7,461","13,040","18,912","26,324","16,016","46,036","35,432","44,552","10,897","11,324","193,365","10,080","10,667","73,812","112,580","84,950","11,449","38,186","32,769","33,371","47,802","77,519","8,270","23,058","212,375","20,700","57,065","29,888","19,718","12,336","57,713","13,903","9,253","8,962","303,871","53,413","51,904","36,664","25,835","109,960","37,467","55,544","34,421","58,582","8,392","20,116","50,533","30,344","47,823","72,148","64,173","51,200","106,098","47,853","243,916","59,518","22,723","99,478","29,172","103,466","196,069","33,152"
"Persons under 5 years, percent",8.40%,6.50%,9.10%,6.20%,6.60%,2.20%,6.30%,5.40%,9.30%,2.90%,4.90%,7.00%,7.20%,6.30%,5.90%,4.50%,7.90%,5.80%,5.90%,10.20%,3.50%,6.20%,6.50%,8.30%,5.00%,6.30%,8.50%,4.50%,5.60%,7.60%,3.80%,6.30%,3.80%,6.30%,9.00%,5.60%,6.50%,5.40%,7.20%,8.90%,7.60%,5.20%,6.70%,7.80%,6.70%,7.50%,5.90%,7.50%,4.60%,7.90%,7.70%,6.50%,8.80%,6.00%,6.50%,2.70%,5.20%,4.70%,7.00%,6.60%,7.20%,6.80%,6.20%,9.20%,6.80%,5.70%,8.60%,9.30%,5.70%,7.00%,6.70%,4.60%,8.40%,6.10%,8.80%,4.50%,3.70%,5.90%,5.40%,6.70%,7.40%,7.30%,7.50%,8.70%,4.90%,7.50%,8.20%,3.30%,6.10%,6.40%,7.30%,5.90%,10.30%,6.70%,3.30%,7.00%,6.10%,5.00%,7.70%,3.50%,6.30%,4.60%,6.80%,9.00%,6.40%,7.20%,7.60%,9.50%,5.30%,7.40%,7.30%,6.20%,4.30%,8.30%,5.60%,5.40%,7.20%,2.30%,5.70%,6.30%,6.50%,3.70%,4.50%,3.20%,4.20%,6.10%,3.50%,4.70%,4.10%,8.80%,8.00%,1.20%,0.30%,2.40%,5.40%,4.40%,6.40%,3.20%,7.40%,7.90%,3.50%,4.90%,5.30%,7.50%,4.30%,3.50%,5.70%,3.70%,5.40%,5.50%,7.20%,7.10%,5.10%,4.60%,6.70%,4.00%,3.70%,6.40%,4.90%,7.60%,5.20%,8.70%,3.00%,6.10%,3.30%,6.50%,3.60%,6.50%,6.10%,5.00%,6.20%,6.20%,5.70%,5.00%,5.30%,6.30%,5.80%,8.20%,7.00%,6.20%,5.90%,6.70%,5.80%,4.70%,6.20%,5.90%,7.00%,6.80%,5.00%,3.40%,7.80%,4.30%,7.00%,7.00%,6.80%
"Persons under 18 years, percent",30.10%,22.00%,30.90%,25.30%,24.50%,9.90%,22.90%,26.40%,32.80%,19.50%,20.40%,23.40%,24.60%,23.80%,20.90%,19.50%,31.10%,18.80%,24.10%,35.00%,15.20%,23.40%,25.40%,28.50%,17.60%,21.80%,28.80%,19.80%,23.80%,23.30%,25.70%,26.40%,19.80%,21.80%,25.50%,22.40%,21.90%,21.00%,24.30%,32.70%,28.30%,19.60%,22.90%,27.30%,19.70%,30.50%,22.80%,27.50%,19.30%,29.70%,26.50%,25.90%,33.70%,21.00%,19.70%,14.40%,16.20%,20.80%,25.30%,22.10%,27.40%,26.60%,21.40%,29.10%,23.70%,22.90%,32.70%,29.60%,22.90%,18.90%,28.60%,23.60%,25.90%,24.40%,24.40%,25.10%,10.90%,23.40%,18.70%,23.50%,20.70%,25.70%,28.50%,29.30%,17.00%,27.10%,31.30%,13.10%,24.20%,21.80%,23.80%,22.10%,31.60%,23.30%,13.00%,19.90%,20.90%,21.90%,21.50%,16.40%,22.40%,18.20%,25.30%,32.50%,21.10%,24.10%,25.10%,32.50%,21.40%,26.20%,24.70%,24.40%,19.50%,26.70%,17.20%,18.80%,28.80%,7.60%,18.90%,23.10%,24.40%,22.90%,22.70%,21.90%,26.40%,21.40%,18.60%,19.30%,22.90%,30.20%,31.10%,6.80%,4.40%,19.00%,19.20%,18.10%,25.00%,21.10%,26.10%,29.20%,12.40%,22.90%,19.40%,28.70%,8.90%,25.40%,20.30%,12.70%,19.90%,22.30%,25.80%,23.50%,20.20%,22.20%,24.70%,19.80%,23.50%,22.40%,23.30%,20.70%,20.30%,22.10%,22.10%,21.90%,23.70%,26.20%,21.30%,24.10%,21.60%,19.70%,26.10%,23.30%,20.30%,20.80%,20.30%,23.10%,21.00%,29.20%,25.50%,23.70%,20.70%,24.60%,29.00%,16.60%,24.20%,21.80%,26.10%,25.70%,20.70%,16.00%,25.40%,18.50%,28.80%,28.60%,19.80%
"Persons 65 years and over, percent",9.70%,9.70%,11.30%,11.70%,11.10%,11.50%,12.40%,14.70%,12.30%,21.60%,19.10%,26.30%,6.90%,10.80%,10.80%,22.80%,9.40%,15.00%,11.50%,8.40%,11.00%,13.60%,9.90%,10.20%,17.10%,13.00%,10.90%,19.20%,18.30%,11.60%,22.40%,21.90%,22.10%,11.70%,14.50%,16.10%,13.30%,18.50%,12.50%,11.20%,8.30%,16.90%,11.00%,11.20%,15.50%,10.80%,27.00%,9.50%,18.80%,10.20%,12.40%,16.90%,9.00%,12.10%,10.80%,28.60%,17.40%,13.40%,13.80%,12.00%,9.70%,8.80%,15.50%,12.70%,11.70%,15.80%,6.00%,9.40%,15.90%,15.60%,7.90%,18.60%,15.10%,16.30%,10.80%,13.90%,30.90%,14.40%,15.10%,12.70%,12.00%,10.80%,8.90%,12.10%,18.00%,8.60%,10.80%,12.50%,18.70%,15.90%,16.10%,16.10%,9.60%,14.00%,11.70%,11.10%,16.70%,18.30%,11.80%,28.30%,5.80%,22.00%,6.80%,9.20%,15.20%,14.80%,9.90%,9.10%,12.70%,14.20%,19.30%,13.40%,17.70%,10.80%,11.70%,12.50%,13.60%,19.20%,15.40%,12.10%,15.50%,26.10%,26.20%,25.50%,19.80%,12.80%,26.40%,18.50%,22.00%,11.60%,10.10%,52.80%,58.90%,25.60%,18.10%,19.70%,10.60%,21.30%,8.70%,9.00%,31.10%,17.30%,21.40%,8.20%,13.50%,20.70%,15.00%,13.70%,15.10%,16.00%,11.30%,9.50%,19.20%,14.90%,18.30%,25.60%,16.80%,9.90%,19.80%,14.40%,16.80%,13.90%,18.90%,18.10%,22.50%,17.30%,26.10%,10.40%,14.20%,19.40%,10.30%,16.60%,10.70%,24.60%,15.60%,12.00%,12.60%,10.50%,11.90%,14.50%,16.30%,8.30%,9.90%,29.10%,16.10%,15.00%,8.00%,12.10%,17.70%,23.30%,11.90%,18.60%,12.00%,7.30%,15.40%
"Female persons, percent",50.80%,52.50%,50.30%,51.10%,50.70%,51.40%,50.40%,51.70%,52.00%,52.50%,50.70%,51.90%,40.70%,51.30%,41.80%,51.20%,49.40%,51.40%,51.10%,50.30%,51.80%,51.70%,50.30%,52.90%,53.00%,50.40%,50.80%,51.30%,51.90%,51.80%,49.70%,52.60%,53.20%,50.40%,50.60%,51.60%,51.40%,51.30%,51.40%,49.90%,50.00%,49.60%,50.70%,46.00%,51.60%,51.00%,52.10%,49.30%,51.00%,50.50%,51.30%,50.80%,50.50%,50.40%,46.80%,51.20%,48.50%,51.00%,50.80%,48.90%,49.10%,50.80%,50.40%,52.90%,50.00%,50.30%,48.30%,47.60%,51.70%,52.00%,50.20%,50.90%,51.60%,51.30%,48.70%,50.90%,52.80%,51.10%,50.90%,51.20%,52.30%,52.40%,50.60%,49.30%,49.70%,49.10%,49.60%,49.00%,52.10%,50.60%,49.50%,51.60%,50.30%,52.20%,51.50%,48.20%,51.20%,51.30%,48.40%,53.10%,31.30%,51.60%,41.20%,50.20%,51.70%,49.80%,50.50%,50.80%,49.40%,50.50%,54.40%,51.10%,50.60%,51.10%,46.30%,50.60%,51.70%,26.10%,48.90%,50.30%,51.90%,51.90%,52.30%,52.40%,51.90%,48.90%,53.60%,53.30%,52.60%,51.70%,50.30%,49.50%,51.70%,54.20%,50.50%,46.30%,50.00%,53.00%,50.40%,50.30%,41.90%,53.00%,54.20%,51.60%,52.20%,52.10%,51.60%,50.80%,52.20%,52.30%,50.70%,48.90%,53.10%,51.30%,51.50%,53.60%,52.40%,51.20%,50.90%,52.30%,50.40%,51.20%,52.70%,48.60%,54.50%,56.50%,53.00%,50.70%,52.10%,51.40%,51.50%,50.10%,49.60%,50.80%,50.90%,51.90%,49.70%,51.00%,48.30%,50.70%,51.20%,52.70%,49.80%,53.50%,49.00%,51.50%,51.40%,50.60%,50.80%,50.00%,49.30%,50.20%,52.00%,50.50%,51.80%
"White alone, percent",68.20%,47.90%,58.40%,43.00%,67.30%,78.10%,51.20%,63.90%,79.10%,81.80%,72.10%,67.90%,57.90%,47.40%,49.00%,20.60%,65.10%,70.40%,59.30%,76.30%,64.40%,51.10%,64.20%,63.80%,73.70%,56.10%,58.20%,54.40%,82.60%,71.20%,62.00%,74.90%,77.50%,38.70%,79.70%,70.80%,49.50%,73.50%,57.50%,74.10%,64.80%,72.40%,52.00%,66.50%,58.10%,27.80%,81.70%,45.30%,40.90%,56.80%,68.10%,79.60%,61.20%,52.40%,54.90%,90.50%,77.70%,63.50%,74.20%,15.80%,76.10%,45.80%,74.70%,84.90%,42.40%,77.10%,30.70%,72.70%,88.90%,51.00%,52.10%,59.70%,86.10%,75.90%,70.90%,57.80%,89.40%,53.80%,46.70%,47.20%,71.60%,79.00%,61.70%,73.70%,79.60%,44.20%,72.20%,84.20%,72.00%,84.40%,85.10%,67.80%,81.20%,49.00%,75.40%,43.00%,47.30%,82.40%,42.10%,87.10%,51.40%,78.60%,80.30%,63.60%,36.60%,81.60%,46.00%,78.40%,32.50%,65.50%,78.00%,71.30%,38.60%,66.30%,84.70%,82.70%,68.50%,72.60%,19.70%,24.10%,75.20%,61.20%,73.80%,57.80%,64.00%,72.20%,87.30%,56.30%,31.90%,75.10%,80.10%,87.30%,94.10%,90.30%,75.00%,86.70%,70.00%,74.30%,41.60%,62.10%,83.30%,81.90%,76.50%,36.10%,46.10%,74.80%,48.60%,59.30%,37.70%,63.20%,53.20%,41.40%,68.50%,53.30%,64.90%,84.60%,83.10%,47.60%,82.90%,73.10%,72.50%,50.20%,91.40%,67.10%,87.40%,83.90%,86.80%,60.90%,80.70%,73.10%,45.30%,62.10%,71.60%,79.20%,29.10%,76.60%,62.30%,73.70%,57.20%,71.40%,70.00%,71.00%,43.40%,75.30%,76.40%,34.90%,77.10%,65.60%,88.70%,90.80%,73.50%,20.90%,65.70%,39.00%,73.40%
"Black or African American alone, percent",7.40%,3.30%,4.00%,20.30%,2.50%,3.10%,3.00%,7.80%,1.80%,1.70%,5.80%,8.70%,3.30%,4.20%,6.20%,7.50%,3.70%,2.80%,3.20%,0.40%,2.30%,3.90%,5.90%,7.20%,1.60%,2.70%,7.60%,0.60%,0.60%,3.80%,1.00%,8.00%,0.00%,10.30%,2.80%,2.00%,7.60%,3.40%,1.00%,0.00%,1.30%,1.40%,12.90%,4.70%,4.80%,0.80%,1.80%,6.60%,0.70%,6.10%,4.00%,0.50%,1.70%,8.90%,1.80%,1.10%,4.40%,6.00%,4.30%,3.10%,2.50%,5.60%,4.70%,0.60%,4.20%,0.70%,9.90%,6.60%,1.50%,9.80%,10.20%,1.60%,1.60%,1.50%,4.60%,2.00%,2.60%,0.80%,1.40%,13.40%,2.70%,0.50%,12.20%,1.50%,1.30%,1.10%,0.00%,2.20%,0.90%,1.80%,1.50%,2.20%,1.40%,4.20%,1.90%,2.90%,2.70%,1.40%,1.70%,0.30%,8.60%,1.30%,6.50%,17.00%,21.20%,0.80%,2.70%,3.90%,4.80%,2.50%,1.70%,1.60%,0.90%,5.40%,1.30%,2.10%,7.50%,9.40%,5.00%,3.10%,0.70%,2.20%,0.30%,1.80%,0.40%,3.20%,1.40%,7.00%,2.00%,2.20%,0.30%,2.30%,1.10%,0.50%,0.50%,4.00%,5.00%,1.00%,3.70%,8.40%,3.70%,1.90%,0.10%,18.20%,13.80%,1.90%,7.10%,8.10%,10.70%,6.00%,1.40%,8.60%,3.40%,3.80%,6.30%,1.60%,0.80%,1.90%,4.90%,7.50%,2.30%,7.70%,0.90%,2.10%,0.70%,1.50%,0.30%,6.20%,2.10%,2.70%,2.90%,1.20%,1.90%,1.90%,3.90%,1.60%,5.30%,1.90%,0.30%,1.70%,1.80%,2.00%,2.60%,1.90%,2.60%,4.20%,2.90%,4.60%,0.80%,0.80%,6.00%,3.30%,5.40%,8.60%,2.20%
"American Indian and Alaska Native alone, percent",1.10%,1.10%,0.80%,0.70%,0.40%,1.70%,0.70%,0.70%,0.60%,0.10%,0.20%,2.30%,3.00%,0.60%,0.50%,0.40%,1.10%,0.70%,0.50%,0.50%,0.20%,1.90%,0.30%,1.00%,0.40%,0.40%,1.20%,0.30%,3.20%,0.40%,0.10%,1.50%,0.70%,0.70%,0.90%,0.60%,0.50%,0.70%,0.60%,0.50%,0.70%,0.60%,0.90%,2.10%,0.80%,1.10%,0.20%,0.50%,0.40%,0.90%,0.80%,0.20%,0.60%,0.70%,0.30%,0.70%,0.60%,0.50%,0.90%,0.40%,1.50%,1.00%,0.60%,0.40%,0.50%,1.10%,0.60%,1.80%,0.30%,0.30%,0.40%,0.30%,3.40%,0.90%,0.70%,0.30%,0.20%,0.70%,0.20%,0.80%,0.50%,0.80%,0.70%,0.60%,0.70%,0.60%,0.80%,0.40%,0.60%,0.90%,4.10%,1.60%,0.60%,1.70%,0.40%,0.30%,0.60%,0.40%,0.40%,0.10%,0.80%,0.20%,0.80%,0.90%,0.40%,2.60%,0.30%,1.00%,0.60%,0.90%,6.10%,1.10%,0.50%,0.70%,0.80%,0.70%,0.60%,1.40%,0.40%,0.40%,0.10%,0.00%,0.00%,0.20%,0.20%,0.40%,0.30%,0.90%,0.00%,1.00%,0.60%,0.40%,0.00%,0.60%,0.30%,0.70%,1.70%,0.40%,0.50%,1.30%,0.80%,1.00%,0.00%,0.40%,0.40%,0.20%,0.40%,0.50%,1.00%,0.00%,1.30%,0.30%,0.90%,0.40%,0.80%,0.50%,0.30%,0.20%,1.50%,0.50%,0.80%,0.60%,0.00%,0.40%,0.30%,0.00%,0.30%,0.80%,0.80%,0.20%,0.80%,0.20%,0.40%,0.10%,0.40%,1.00%,0.50%,0.90%,0.80%,0.80%,0.20%,0.50%,0.40%,0.20%,0.70%,0.60%,0.40%,0.30%,0.30%,0.10%,0.50%,0.40%,0.70%,0.70%,0.10%
"Asian alone, percent",7.30%,12.60%,3.30%,10.90%,16.70%,2.30%,31.30%,10.70%,0.90%,9.50%,11.60%,5.10%,2.60%,34.00%,13.10%,60.00%,7.00%,12.50%,7.40%,2.30%,22.20%,13.50%,11.10%,4.70%,15.50%,24.60%,13.70%,34.90%,0.30%,9.70%,30.90%,3.50%,1.50%,25.70%,4.20%,10.80%,19.10%,9.40%,12.10%,5.00%,0.60%,12.10%,13.10%,3.90%,15.50%,21.60%,6.30%,25.90%,47.90%,12.60%,9.30%,12.00%,3.10%,11.60%,31.40%,2.90%,7.20%,14.00%,7.30%,67.10%,7.20%,6.30%,7.60%,2.60%,14.00%,3.20%,3.90%,4.10%,1.30%,17.20%,2.90%,32.60%,2.90%,11.70%,5.90%,32.80%,2.10%,2.80%,30.80%,18.90%,5.70%,5.10%,2.50%,2.60%,3.90%,11.80%,2.80%,5.80%,2.50%,4.00%,0.70%,5.50%,4.90%,6.80%,9.80%,41.30%,36.60%,9.60%,45.90%,3.00%,2.20%,12.30%,0.80%,3.80%,23.80%,1.90%,21.60%,1.60%,32.50%,18.80%,0.40%,8.00%,49.40%,9.60%,6.20%,4.30%,8.20%,1.40%,54.60%,58.40%,16.20%,29.10%,21.10%,30.90%,29.40%,12.90%,5.10%,17.00%,59.50%,5.80%,3.90%,5.10%,1.70%,1.90%,2.80%,3.70%,7.50%,16.00%,45.10%,6.50%,4.80%,6.80%,7.40%,6.40%,28.40%,16.90%,31.20%,20.20%,34.50%,14.70%,27.00%,10.60%,14.80%,34.30%,5.80%,7.60%,9.50%,42.30%,1.20%,6.80%,8.00%,18.80%,4.00%,6.00%,4.30%,5.50%,3.30%,7.40%,5.40%,7.20%,10.50%,28.30%,8.40%,3.80%,55.00%,8.10%,19.40%,9.40%,12.80%,17.40%,15.00%,15.00%,45.80%,14.80%,5.90%,29.70%,10.70%,16.00%,3.80%,3.70%,3.80%,63.40%,9.30%,6.30%,13.60%
"Native Hawaiian and Other Pacific Islander alone, percent",0.20%,0.20%,0.10%,1.00%,0.40%,0.40%,0.90%,0.60%,0.50%,0.00%,0.20%,0.00%,0.60%,0.10%,0.60%,0.50%,0.50%,0.00%,0.40%,0.00%,0.20%,0.00%,0.50%,0.20%,0.10%,0.40%,0.10%,0.30%,0.70%,0.00%,0.00%,0.30%,0.00%,2.10%,0.50%,0.20%,1.20%,0.10%,0.00%,0.00%,0.30%,0.40%,0.80%,0.40%,0.00%,0.00%,0.40%,0.00%,0.10%,0.10%,0.70%,0.00%,0.70%,0.20%,0.40%,0.00%,0.10%,0.60%,1.20%,0.40%,0.30%,0.30%,0.70%,0.00%,0.40%,0.10%,0.10%,1.70%,0.00%,0.20%,0.80%,0.20%,0.00%,0.20%,1.00%,0.50%,0.00%,0.10%,2.40%,1.70%,0.10%,0.40%,0.10%,0.10%,0.20%,0.20%,0.00%,0.00%,0.20%,0.10%,0.00%,0.50%,0.00%,0.00%,0.20%,0.70%,0.60%,0.10%,0.20%,0.00%,0.20%,0.20%,0.20%,0.20%,1.00%,0.20%,0.30%,0.20%,0.80%,0.70%,1.50%,0.20%,0.20%,1.30%,0.00%,0.20%,0.20%,0.20%,1.60%,0.90%,0.40%,0.00%,0.10%,0.70%,0.00%,0.10%,0.00%,0.00%,0.40%,0.10%,1.00%,0.20%,0.00%,0.00%,0.00%,0.10%,0.00%,0.90%,0.40%,0.30%,0.30%,0.00%,1.10%,0.40%,0.60%,0.10%,0.50%,0.50%,1.00%,0.20%,0.90%,0.80%,0.10%,0.40%,0.40%,0.00%,0.00%,0.20%,0.20%,0.30%,0.10%,1.90%,0.00%,0.00%,0.00%,0.00%,0.20%,0.30%,0.30%,0.20%,0.30%,0.40%,0.70%,0.00%,0.60%,0.70%,0.60%,0.00%,0.00%,0.20%,0.00%,0.10%,0.60%,0.20%,0.10%,0.30%,0.10%,0.70%,0.10%,0.30%,0.40%,0.10%,0.50%,0.20%,0.60%
"Two or More Races, percent",3.90%,5.60%,4.80%,9.40%,3.30%,7.40%,3.90%,8.70%,6.40%,4.80%,7.50%,3.10%,6.90%,4.80%,7.10%,5.50%,2.80%,4.90%,3.00%,2.50%,6.80%,5.30%,4.70%,3.50%,3.30%,4.90%,4.20%,4.70%,5.40%,10.70%,5.00%,4.30%,6.10%,6.70%,4.20%,6.60%,5.90%,6.10%,4.50%,3.30%,1.00%,5.40%,4.70%,7.00%,8.20%,2.90%,3.60%,10.30%,5.60%,4.30%,7.90%,5.70%,4.70%,3.60%,4.80%,2.50%,6.60%,5.90%,4.40%,5.10%,3.00%,4.60%,5.60%,4.00%,2.80%,3.50%,2.80%,5.60%,1.90%,4.60%,2.90%,4.60%,4.50%,5.20%,9.30%,5.00%,3.00%,2.10%,7.60%,7.00%,5.30%,5.30%,3.90%,5.50%,3.60%,1.90%,2.30%,3.60%,3.90%,5.00%,7.00%,6.50%,3.40%,3.30%,5.90%,5.40%,6.50%,4.10%,4.40%,4.50%,4.90%,5.30%,2.90%,6.10%,6.90%,4.30%,5.00%,3.90%,6.50%,7.00%,10.10%,4.40%,3.40%,9.80%,5.60%,4.90%,4.70%,6.10%,5.40%,4.90%,5.90%,4.50%,4.40%,6.20%,5.20%,7.00%,4.50%,7.30%,3.50%,4.90%,4.10%,2.10%,1.40%,4.30%,4.40%,3.10%,9.40%,6.20%,6.40%,7.00%,3.10%,7.30%,1.70%,3.00%,6.00%,6.10%,8.20%,7.50%,6.60%,9.60%,3.70%,7.70%,5.00%,4.80%,5.40%,5.20%,5.20%,5.20%,4.10%,7.00%,5.20%,11.90%,3.00%,4.80%,7.00%,4.20%,6.50%,4.80%,7.60%,5.20%,4.10%,5.90%,4.00%,3.30%,3.90%,6.50%,3.00%,6.10%,1.70%,3.50%,6.70%,6.60%,5.70%,5.40%,2.60%,4.60%,5.30%,5.50%,3.40%,2.80%,6.50%,3.60%,8.30%,4.70%,6.90%
"Hispanic or Latino, percent",49.50%,63.60%,57.60%,33.60%,54.00%,16.50%,38.40%,21.80%,82.80%,6.20%,13.30%,46.60%,57.90%,29.10%,52.00%,13.50%,62.80%,23.70%,73.90%,86.90%,13.90%,58.70%,43.90%,69.30%,18.20%,37.20%,49.40%,15.80%,20.20%,12.90%,4.10%,43.30%,30.00%,40.80%,31.50%,33.90%,34.20%,36.70%,59.50%,82.10%,96.70%,20.00%,42.50%,56.30%,34.30%,73.60%,20.50%,41.60%,11.90%,52.60%,39.80%,8.30%,71.90%,48.60%,17.80%,13.20%,16.70%,40.70%,38.90%,14.90%,73.70%,70.80%,34.90%,33.70%,70.10%,40.40%,76.00%,60.70%,38.50%,34.80%,80.80%,5.70%,16.70%,18.10%,59.40%,9.30%,8.50%,90.60%,27.50%,28.70%,28.70%,56.70%,74.20%,76.30%,36.50%,76.80%,83.00%,18.30%,36.30%,36.40%,9.70%,32.80%,75.50%,74.30%,21.10%,17.40%,17.50%,18.30%,17.30%,15.50%,72.80%,16.10%,81.60%,54.10%,25.50%,37.30%,41.80%,61.70%,33.50%,30.00%,12.20%,48.60%,22.80%,31.00%,9.80%,17.90%,43.20%,23.80%,20.60%,13.10%,8.60%,9.40%,9.60%,9.00%,4.30%,17.40%,10.20%,49.90%,4.30%,51.50%,84.20%,9.80%,5.30%,15.00%,45.00%,15.60%,52.30%,7.30%,10.50%,36.90%,27.80%,10.60%,29.20%,58.00%,10.70%,3.60%,12.00%,11.40%,27.30%,26.00%,49.20%,63.50%,33.40%,19.50%,35.90%,7.60%,8.30%,10.30%,19.10%,25.90%,34.70%,29.50%,5.30%,31.40%,6.50%,8.20%,8.10%,53.30%,18.10%,18.70%,70.30%,10.80%,36.10%,34.10%,19.30%,31.80%,63.80%,50.30%,84.00%,39.40%,21.00%,19.10%,7.40%,9.80%,59.60%,53.20%,20.70%,58.80%,13.10%,7.40%,28.50%,20.10%,29.70%,69.30%,13.60%
"White alone, not Hispanic or Latino, percent",33.50%,18.80%,32.50%,29.00%,24.80%,71.70%,24.40%,53.50%,12.60%,77.60%,63.50%,36.10%,30.20%,29.60%,24.50%,14.90%,23.70%,56.70%,14.40%,10.00%,55.70%,22.40%,36.00%,17.50%,62.00%,32.30%,27.10%,45.40%,72.10%,64.00%,58.80%,42.50%,65.50%,16.90%,58.60%,49.20%,35.50%,48.80%,26.00%,11.30%,1.50%,61.80%,28.10%,31.60%,40.90%,3.50%,68.20%,22.70%,34.20%,27.00%,41.90%,74.30%,21.30%,28.50%,44.60%,80.30%,65.60%,35.20%,45.70%,10.90%,14.80%,15.60%,48.30%,59.70%,10.40%,52.70%,9.20%,22.40%,57.30%,35.40%,4.80%,55.20%,74.10%,64.80%,26.10%,51.30%,83.80%,5.40%,32.50%,32.50%,59.00%,34.80%,10.30%,16.60%,56.20%,9.40%,12.50%,70.70%,57.70%,55.10%,78.80%,54.70%,17.40%,12.70%,62.60%,33.80%,38.20%,67.90%,31.20%,77.80%,13.60%,65.60%,9.40%,22.20%,24.20%,54.20%,30.60%,31.10%,24.60%,42.90%,73.10%,39.20%,24.70%,46.50%,77.20%,71.60%,38.50%,61.30%,14.70%,20.70%,68.50%,55.40%,65.60%,52.30%,60.50%,60.40%,79.20%,24.00%,30.50%,39.20%,10.30%,81.00%,90.50%,79.60%,49.00%,74.40%,30.70%,69.40%,35.30%,42.90%,60.70%,73.70%,60.90%,15.50%,41.90%,71.70%,42.80%,53.80%,23.30%,46.60%,19.20%,15.00%,45.90%,37.90%,48.70%,78.40%,76.00%,40.70%,69.20%,55.50%,51.80%,34.10%,87.20%,56.50%,83.80%,78.60%,81.90%,30.30%,69.10%,65.20%,13.50%,55.20%,49.80%,58.00%,19.00%,54.20%,10.20%,36.10%,2.80%,39.10%,58.50%,59.40%,38.80%,69.00%,30.40%,11.30%,61.90%,17.90%,79.50%,84.70%,57.10%,11.20%,49.80%,13.80%,64.80%
"Veterans, 2014-2018","13,897","1,261","1,382","5,561","9,707",738,"2,805","3,755",832,"1,075","1,902","2,391",709,"2,741","4,165","1,894","1,410","3,443","2,395",397,"1,959","1,725","6,171","2,019","3,928","4,866","19,449","2,762",895,639,360,"6,960",745,"4,618",796,"2,365","3,720","1,703","2,058",458,426,"10,579","17,208","2,826",897,184,"4,055",529,895,"3,304","4,010","1,514","1,322","85,949","1,765",836,"2,417","1,059","9,603","1,814","7,463","4,573","16,332","1,049","2,593","3,851","1,546",947,"1,951","4,533",856,"1,929",863,"3,700","1,380","2,768",875,"1,636","1,628","22,364","2,225",712,"2,960",737,"3,776","4,828",468,"1,631","1,756","6,637",930,"8,462","3,494",478,"2,208","3,280","6,897","6,401","3,853",652,806,591,461,"5,834","7,056",879,"2,436","1,773",925,"4,363",584,"2,356","3,363","2,369",880,"4,271","2,485",785,"2,026","4,836",965,290,746,"2,476","1,108","2,810","1,047",678,308,"5,406",492,"1,947",793,352,796,"2,919","2,399",885,"1,499","1,723","4,327",656,716,"7,845",343,490,"3,162","3,320","3,682",523,901,976,"1,566","2,151","7,235",534,606,"5,564","2,264","4,686","1,512","1,519",352,"2,415",507,273,478,"12,269","5,653","2,917","1,017",938,"4,282","2,321","1,560","1,567","3,060",259,485,"2,055","1,193","1,277","2,033","4,299","2,201","3,381","1,666","16,261","3,760","1,363","7,136",906,"7,734","4,545","1,297"
"Foreign born persons, percent, 2014-2018",18.40%,29.00%,21.80%,22.10%,36.60%,3.80%,36.50%,14.80%,26.00%,35.50%,12.50%,18.00%,18.50%,29.60%,22.90%,43.90%,25.50%,32.80%,33.30%,28.50%,19.80%,25.50%,25.20%,21.30%,53.60%,30.10%,20.60%,29.70%,9.20%,13.70%,23.80%,15.30%,14.50%,37.90%,10.20%,18.40%,21.70%,16.00%,28.50%,32.10%,46.30%,16.20%,25.40%,21.40%,20.50%,43.10%,13.60%,34.40%,39.40%,22.20%,16.20%,12.30%,27.00%,37.30%,41.20%,8.50%,16.20%,26.20%,18.00%,52.50%,35.30%,28.20%,20.40%,10.90%,35.20%,21.70%,30.00%,24.60%,18.30%,30.00%,35.50%,34.40%,7.10%,19.60%,21.30%,30.20%,6.60%,30.10%,37.00%,22.60%,17.50%,26.90%,27.50%,30.10%,22.20%,44.50%,24.00%,9.40%,20.60%,15.20%,2.40%,20.00%,34.70%,27.00%,14.30%,42.20%,29.60%,17.60%,48.20%,11.30%,30.40%,14.30%,29.50%,17.90%,26.10%,18.00%,33.40%,19.20%,36.20%,24.90%,3.30%,23.90%,45.50%,25.20%,10.20%,8.20%,17.90%,7.80%,45.30%,48.20%,19.70%,25.30%,20.40%,27.90%,28.60%,19.40%,10.70%,33.20%,41.60%,13.40%,24.70%,14.70%,8.90%,15.70%,23.10%,9.80%,20.80%,14.20%,35.90%,17.80%,21.20%,10.90%,25.20%,24.50%,31.60%,10.90%,26.10%,20.60%,36.20%,16.60%,43.80%,37.80%,19.40%,29.00%,15.10%,15.30%,26.00%,40.40%,6.70%,15.30%,21.60%,24.90%,7.30%,27.90%,12.50%,12.90%,18.90%,22.70%,10.90%,19.50%,33.20%,30.40%,24.80%,15.20%,43.60%,16.60%,39.80%,28.80%,42.00%,24.10%,26.40%,21.60%,36.10%,23.10%,31.20%,35.60%,16.70%,30.70%,13.10%,13.00%,29.50%,50.10%,15.30%,27.10%,19.20%
"Housing units,  July 1, 2019,  (V2019)",X,X,X,X,X,X,X,X,X,X,X,X,X,X,X,X,X,X,X,X,X,X,X,X,X,X,X,X,X,X,X,X,X,X,X,X,X,X,X,X,X,X,X,X,X,X,X,X,X,X,X,X,X,X,X,X,X,X,X,X,X,X,X,X,X,X,X,X,X,X,X,X,X,X,X,X,X,X,X,X,X,X,X,X,X,X,X,X,X,X,X,X,X,X,X,X,X,X,X,X,X,X,X,X,X,X,X,X,X,X,X,X,X,X,X,X,X,X,X,X,X,X,X,X,X,X,X,X,X,X,X,X,X,X,X,X,X,X,X,X,X,X,X,X,X,X,X,X,X,X,X,X,X,X,X,X,X,X,X,X,X,X,X,X,X,X,X,X,X,X,X,X,X,X,X,X,X,X,X,X,X,X,X,X,X,X,X,X,X,X,X,X,X,X,X
"Owner-occupied housing unit rate, 2014-2018",58.70%,52.10%,52.30%,60.30%,45.20%,39.80%,56.50%,75.20%,55.60%,41.40%,71.00%,64.30%,53.70%,75.50%,62.50%,77.90%,59.90%,41.80%,50.60%,52.00%,43.80%,55.60%,64.50%,50.40%,32.90%,51.70%,46.40%,68.80%,55.40%,44.30%,94.40%,58.00%,61.30%,51.80%,45.40%,70.10%,72.60%,73.90%,56.90%,53.10%,27.20%,57.80%,40.10%,43.20%,47.50%,54.40%,79.80%,71.10%,64.10%,40.60%,59.40%,69.90%,55.20%,36.80%,41.60%,58.50%,38.40%,46.80%,55.00%,64.80%,53.70%,53.00%,56.30%,58.10%,63.80%,57.90%,63.20%,62.50%,58.70%,43.00%,38.50%,55.10%,38.00%,73.80%,48.10%,69.90%,61.90%,67.30%,57.70%,48.00%,52.60%,68.50%,63.60%,62.80%,41.10%,46.20%,55.50%,38.00%,74.90%,54.10%,62.80%,53.60%,49.40%,65.00%,47.10%,42.90%,55.30%,70.10%,46.40%,61.10%,60.60%,62.00%,58.20%,54.40%,54.90%,46.00%,48.00%,55.70%,69.20%,52.60%,57.30%,54.80%,52.60%,54.40%,48.70%,44.60%,76.70%,73.60%,64.40%,61.60%,71.90%,92.50%,86.90%,78.00%,82.60%,50.50%,47.50%,64.40%,86.40%,60.30%,58.90%,80.70%,85.30%,53.10%,53.60%,51.00%,30.60%,80.90%,65.80%,76.90%,60.60%,93.30%,66.30%,61.00%,35.60%,88.80%,47.60%,42.90%,54.90%,41.10%,47.60%,32.50%,72.10%,66.30%,76.50%,86.90%,68.10%,47.30%,64.80%,41.20%,53.10%,44.50%,72.80%,49.70%,72.00%,69.30%,70.70%,54.00%,70.60%,67.70%,52.20%,60.60%,39.10%,71.80%,75.80%,76.10%,34.80%,59.80%,47.60%,64.80%,71.70%,60.50%,71.70%,64.20%,61.20%,64.10%,71.10%,58.30%,63.20%,63.20%,39.30%,84.80%,66.30%,64.60%,63.80%
"Median value of owner-occupied housing units, 2014-2018","$240,900 ","$390,100 ","$207,800 ","$366,100 ","$538,700 ","$333,600 ","$540,200 ","$543,900 ","$169,600 ","$2,000,000+","$557,600 ","$222,900 ","$165,900 ","$597,400 ","$433,700 ","$660,800 ","$250,900 ","$688,500 ","$525,500 ","$180,500 ","$622,900 ","$467,400 ","$444,200 ","$233,000 ","$724,800 ","$625,800 ","$224,600 ","$688,000 ","$266,000 ","$969,700 ","$2,000,000+","$175,700 ","$674,600 ","$519,600 ","$464,000 ","$562,500 ","$524,600 ","$562,300 ","$505,800 ","$208,700 ","$377,200 ","$728,200 ","$519,300 ","$293,800 ","$586,200 ","$222,400 ","$416,800 ","$334,600 ","$1,230,900 ","$212,100 ","$352,700 ","$1,947,900 ","$265,500 ","$599,700 ","$1,214,800 ","$582,400 ","$764,400 ","$634,300 ","$265,100 ","$782,300 ","$427,900 ","$348,200 ","$460,100 ","$284,500 ","$410,400 ","$581,100 ","$261,000 ","$285,800 ","$433,900 ","$737,100 ","$323,600 ","$2,000,000+","$160,700 ","$658,200 ","$385,900 ","$933,500 ","$689,900 ","$415,100 ","$839,000 ","$313,400 ","$415,300 ","$274,800 ","$285,900 ","$187,800 ","$993,600 ","$455,300 ","$192,100 ","$617,200 ","$678,200 ","$537,200 ","$175,600 ","$490,000 ","$325,400 ","$430,800 ","$803,800 ","$927,200 ","$724,700 ","$695,400 ","$1,111,800 ","$728,200 ","$330,500 ","$924,400 ","$160,000 ","$205,300 ","$338,200 ","$330,300 ","$618,500 ","$188,900 ","$668,700 ","$258,300 ","$152,400 ","$345,000 ","$581,900 ","$329,700 ","$1,357,300 ","$305,300 ","$296,700 ","$286,100 ","$688,800 ","$863,800 ","$1,502,300 ","$1,229,300 ","$1,680,600 ","$1,114,800 ","$2,000,000+","$875,000 ","$825,100 ","$455,600 ","$1,886,000 ","$224,100 ","$174,500 ","$499,900 ","$706,800 ","$693,400 ","$671,300 ","$1,537,000 ","$488,800 ","$1,093,600 ","$824,800 ","$393,100 ","$367,900 ","$710,800 ","$917,500 ","$287,300 ","$479,600 ","$1,844,000 ","$797,300 ","$938,400 ","$543,100 ","$755,000 ","$360,800 ","$476,500 ","$547,500 ","$605,600 ","$314,700 ","$913,400 ","$1,042,000 ","$797,100 ","$168,400 ","$491,900 ","$783,600 ","$469,500 ","$1,039,000 ","$873,800 ","$1,510,800 ","$1,175,000 ","$2,000,000+","$344,700 ","$422,700 ","$732,200 ","$334,500 ","$1,383,700 ","$707,600 ","$386,200 ","$640,600 ","$621,200 ","$365,800 ","$189,300 ","$428,200 ","$609,400 ","$688,200 ","$610,600 ","$919,700 ","$758,500 ","$259,900 ","$490,000 ","$652,400 ","$465,000 ","$913,700 ","$1,700,400 ","$430,700 ","$739,100 ","$390,800 ","$351,700 ","$680,500 "
"Median selected monthly owner costs -with a mortgage, 2014-2018","$1,666 ","$1,976 ","$1,394 ","$2,091 ","$2,379 ","$1,632 ","$2,306 ","$2,780 ","$1,248 ","$4,000+","$2,364 ","$1,376 ","$1,410 ","$2,503 ","$2,208 ","$2,555 ","$1,505 ","$2,799 ","$2,375 ","$1,265 ","$2,552 ","$2,248 ","$2,320 ","$1,533 ","$2,898 ","$2,614 ","$1,518 ","$2,663 ","$1,610 ","$3,538 ","$4,000+","$1,368 ","$2,529 ","$2,428 ","$2,210 ","$2,439 ","$2,273 ","$2,464 ","$2,297 ","$1,474 ","$1,867 ","$2,775 ","$2,332 ","$1,749 ","$2,431 ","$1,373 ","$2,112 ","$1,945 ","$3,689 ","$1,443 ","$1,905 ","$4,000+","$1,578 ","$2,629 ","$3,539 ","$2,204 ","$2,759 ","$2,434 ","$1,612 ","$2,971 ","$2,135 ","$1,807 ","$2,263 ","$1,794 ","$1,985 ","$2,413 ","$1,678 ","$1,787 ","$2,170 ","$2,876 ","$1,768 ","$4,000+",$961 ,"$2,854 ","$2,089 ","$3,370 ","$2,618 ","$1,913 ","$2,999 ","$1,800 ","$2,004 ","$1,587 ","$1,641 ","$1,362 ","$3,054 ","$2,038 ","$1,386 ","$2,340 ","$2,951 ","$2,339 ","$1,358 ","$2,194 ","$1,754 ","$2,082 ","$2,777 ","$3,131 ","$2,803 ","$2,831 ","$3,236 ","$2,897 ","$1,677 ","$3,574 ","$1,158 ","$1,422 ","$1,929 ","$1,770 ","$2,604 ","$1,416 ","$2,601 ","$1,632 ","$1,167 ","$1,982 ","$2,363 ","$2,017 ","$3,984 ","$1,714 ","$1,946 ","$1,499 ","$2,757 ","$3,026 ","$4,000+","$4,000+","$4,000+","$3,770 ","$4,000+","$3,299 ","$3,005 ","$2,168 ","$4,000+","$1,511 ","$1,434 ","$2,666 ","$3,074 ","$2,629 ","$2,724 ","$3,746 ","$2,243 ","$3,608 ","$3,435 ","$2,158 ","$1,940 ","$3,174 ","$3,395 ","$1,653 ","$2,521 ","$4,000+","$2,985 ","$3,204 ","$2,298 ","$2,514 ","$1,980 ","$2,260 ","$2,402 ","$2,478 ","$1,894 ","$3,178 ","$3,859 ","$3,145 ","$1,307 ","$2,207 ","$2,778 ","$2,082 ","$3,685 ","$3,293 ","$4,000+","$4,000+","$4,000+","$1,847 ","$2,253 ","$2,946 ","$1,737 ","$4,000 ","$2,702 ","$2,020 ","$2,472 ","$2,726 ","$1,816 ","$1,386 ","$1,842 ","$2,727 ","$2,781 ","$2,732 ","$3,763 ","$2,992 ","$1,662 ","$2,215 ","$2,949 ","$2,491 ","$3,176 ","$4,000+","$2,187 ","$2,706 ","$2,300 ","$2,014 ","$2,652 "
"Median selected monthly owner costs -without a mortgage, 2014-2018",$499 ,$465 ,$422 ,$514 ,$557 ,$486 ,$470 ,$776 ,$481 ,"$1,500+",$663 ,$493 ,$452 ,$726 ,$550 ,$512 ,$446 ,$551 ,$510 ,$365 ,$658 ,$532 ,$592 ,$435 ,$702 ,$566 ,$458 ,$582 ,$435 ,$605 ,"$1,500+",$449 ,$634 ,$546 ,$408 ,$591 ,$455 ,$592 ,$525 ,$441 ,$487 ,$607 ,$504 ,$436 ,$554 ,$365 ,$679 ,$552 ,$777 ,$444 ,$534 ,$905 ,$443 ,$692 ,$844 ,$543 ,$658 ,$626 ,$476 ,$695 ,$525 ,$454 ,$549 ,$555 ,$415 ,$600 ,$457 ,$459 ,$521 ,$728 ,$423 ,$862 ,$352 ,$722 ,$521 ,$714 ,$641 ,$358 ,$520 ,$492 ,$634 ,$467 ,$484 ,$450 ,$749 ,$453 ,$398 ,$504 ,$766 ,$510 ,$497 ,$589 ,$456 ,$422 ,$601 ,$549 ,$573 ,$679 ,$750 ,$880 ,$463 ,$655 ,$392 ,$442 ,$498 ,$390 ,$640 ,$413 ,$523 ,$506 ,$428 ,$509 ,$537 ,$500 ,$560 ,$519 ,$611 ,$529 ,$650 ,$651 ,$863 ,"$1,014 ",$965 ,$768 ,"$1,225 ",$656 ,$543 ,$478 ,"$1,477 ",$429 ,$408 ,"$1,050 ","$1,351 ",$636 ,$619 ,"$1,073 ",$412 ,$869 ,$854 ,$591 ,$723 ,$834 ,$918 ,$455 ,$739 ,"$1,447 ",$705 ,$849 ,$527 ,$524 ,$561 ,$468 ,$640 ,$524 ,$453 ,$948 ,"$1,162 ",$790 ,$401 ,$512 ,$599 ,$458 ,$737 ,$801 ,"$1,172 ",$756 ,"$1,500+",$483 ,$576 ,$746 ,$397 ,$781 ,$546 ,$863 ,$709 ,$689 ,$388 ,$385 ,$356 ,$619 ,$758 ,$727 ,$943 ,$921 ,$613 ,$525 ,$738 ,$517 ,$735 ,$828 ,$563 ,$673 ,$639 ,$497 ,$633 
"Median gross rent, 2014-2018","$1,078 ","$1,389 ",$972 ,"$1,658 ","$1,569 ",$953 ,"$1,586 ","$2,047 ",$805 ,"$2,130 ","$1,720 ","$1,008 ",$851 ,"$2,053 ","$1,559 ","$2,284 ","$1,119 ","$1,630 ","$1,376 ",$911 ,"$1,455 ","$1,390 ","$1,527 ","$1,129 ","$1,529 ","$1,563 ",$969 ,"$1,932 ",$940 ,"$1,785 ","$3,500+","$1,066 ","$1,668 ","$1,712 ","$1,328 ","$1,561 ","$1,735 ","$1,458 ","$1,483 ",$929 ,"$1,028 ","$1,832 ","$1,252 ","$1,138 ","$1,335 ","$1,027 ","$1,708 ","$1,659 ","$2,320 ",$954 ,"$1,379 ","$2,499 ","$1,181 ","$1,376 ","$2,314 ","$1,464 ","$1,711 ","$1,469 ","$1,122 ","$2,241 ","$1,526 ","$1,429 ","$1,674 ","$1,031 ","$1,488 ","$1,614 ","$1,329 ","$1,485 ","$1,188 ","$1,598 ","$1,335 ","$2,471 ",$831 ,"$1,534 ","$1,656 ","$2,251 ","$1,678 ","$1,304 ","$2,194 ","$1,179 ","$1,641 ","$1,129 ","$1,198 ",$964 ,"$1,737 ","$1,488 ",$909 ,"$1,461 ","$1,998 ","$1,579 ","$1,122 ","$1,531 ","$1,362 ","$1,377 ","$1,797 ","$2,261 ","$1,672 ","$2,008 ","$2,332 ","$1,715 ","$1,333 ","$1,470 ",$745 ,"$1,229 ","$1,406 ","$1,120 ","$1,765 ","$1,009 ","$2,128 ",$987 ,$792 ,"$1,139 ","$1,489 ","$1,019 ","$2,143 ","$1,044 ","$1,299 ","$1,024 ","$2,063 ","$2,188 ","$2,182 ","$3,382 ","$2,490 ","$2,676 ","$3,169 ","$1,987 ","$1,689 ","$1,517 ","$3,500+",$998 ,$940 ,"$1,196 ",$861 ,"$1,553 ","$1,894 ","$2,401 ","$1,344 ","$1,960 ","$2,535 ","$1,519 ","$1,056 ","$2,530 ","$2,140 ","$1,406 ","$2,231 ","$3,161 ","$1,720 ","$1,612 ","$1,491 ","$1,800 ","$1,441 ","$1,413 ","$1,727 ","$1,834 ","$1,462 ","$2,543 ","$2,355 ","$2,259 ",$940 ,"$1,449 ","$1,898 ","$1,306 ","$1,798 ","$1,844 ","$2,392 ","$2,598 ","$2,315 ","$1,308 ","$1,682 ","$1,997 ","$1,269 ","$2,147 ","$1,786 ","$1,473 ","$1,971 ","$1,909 ","$1,134 ",$811 ,"$1,256 ","$1,731 ","$2,014 ","$2,180 ","$2,282 ","$1,939 ","$1,167 ","$1,602 ","$1,953 ","$1,536 ","$1,886 ","$2,230 ","$1,277 ","$2,251 ","$1,694 ","$1,288 ","$1,946 "
"Building permits, 2019",X,X,X,X,X,X,X,X,X,X,X,X,X,X,X,X,X,X,X,X,X,X,X,X,X,X,X,X,X,X,X,X,X,X,X,X,X,X,X,X,X,X,X,X,X,X,X,X,X,X,X,X,X,X,X,X,X,X,X,X,X,X,X,X,X,X,X,X,X,X,X,X,X,X,X,X,X,X,X,X,X,X,X,X,X,X,X,X,X,X,X,X,X,X,X,X,X,X,X,X,X,X,X,X,X,X,X,X,X,X,X,X,X,X,X,X,X,X,X,X,X,X,X,X,X,X,X,X,X,X,X,X,X,X,X,X,X,X,X,X,X,X,X,X,X,X,X,X,X,X,X,X,X,X,X,X,X,X,X,X,X,X,X,X,X,X,X,X,X,X,X,X,X,X,X,X,X,X,X,X,X,X,X,X,X,X,X,X,X,X,X,X,X,X,X
"Households, 2014-2018","116,854","12,697","8,984","34,102","100,615","7,311","23,443","19,543","6,707","15,000","11,130","10,885","4,146","24,374","20,536","15,406","12,888","41,505","33,187","6,073","24,597","15,259","49,658","16,549","73,871","45,782","166,758","18,597","4,679","6,639","3,664","29,193","4,666","47,768","5,216","16,984","25,931","11,367","18,660","3,855","14,577","76,821","166,460","13,468","8,078","3,650","17,607","5,373","8,044","25,827","24,468","13,520","10,568","1,373,864","33,707","4,792","11,596","12,993","72,106","22,637","51,460","49,624","61,656","7,794","27,180","28,457","16,744","5,824","12,109","54,394","14,452","26,212","5,597","15,766","6,593","28,498","4,245","16,681","14,810","183,106","15,969","7,158","25,922","7,201","36,699","76,521","7,086","18,708","12,396","41,096","3,767","66,629","27,651","5,213","22,363","44,079","54,360","45,777","55,938","5,006","3,732","4,603","5,925","32,917","41,991","5,923","26,132","18,408","13,677","22,572","3,394","20,408","27,529","18,174","8,979","35,903","13,592","1,758","21,484","74,445","11,327","2,918","4,806","15,573","10,585","27,621","6,835","7,070","4,566","42,209","6,756","9,406","2,759","3,073","5,102","8,396","9,175","5,909","19,637","11,812","23,719","4,200","4,715","50,620","6,456","3,948","30,365","44,978","31,727","4,184","10,910","9,822","11,479","15,824","28,586","3,370","8,893","95,371","8,895","23,298","10,964","7,549","5,293","22,982","6,081","3,893","3,817","90,866","19,650","22,077","10,429","10,328","41,019","15,505","17,645","11,282","16,478","2,444","5,161","16,577","10,555","18,667","25,150","31,105","17,984","30,513","17,290","78,940","23,996","10,542","32,844","9,038","32,212","53,510","13,679"
"Persons per household, 2014-2018",3.18,3.47,3.24,3.23,3.43,2.22,3.49,3.08,3.86,2.29,2.52,2.73,3.12,3.25,3.43,3.25,3.66,2.5,3.38,3.9,2.69,3.14,3.32,3.27,2.69,2.98,3.08,3,2.55,2.53,3.12,2.85,2.52,3.25,2.59,2.99,3.11,2.78,3.29,3.8,4.02,2.6,2.76,3,2.53,3.83,2.66,3.98,2.79,3.14,3.12,2.63,3.59,2.82,2.39,2.18,2.23,2.83,2.89,3.33,4,3.48,2.83,2.87,3.8,2.76,4.54,3.74,2.6,2.53,3.77,2.54,2.44,3.12,3.22,2.83,1.91,3.77,2.88,2.66,2.67,3.36,3.95,3.5,2.45,4.3,3.5,2.45,2.89,2.64,2.69,2.67,3.78,3.38,2.43,2.75,2.67,2.76,2.71,2.17,4.49,2.39,3.58,3.57,2.85,2.58,3.03,3.39,3.37,2.91,2.21,2.84,3.31,2.88,2.19,2.47,3.33,2.33,3.44,3.11,2.64,2.81,2.81,2.68,2.86,2.45,2.24,3.03,2.89,3.07,3.62,1.91,1.92,2.37,2.65,2.38,2.91,2.62,2.92,3.43,1.98,2.84,2.69,4.04,1.82,2.86,2.54,2.4,2.82,2.73,3.51,3.34,2.91,3.08,3.09,2.48,2.71,2.7,2.4,2.52,2.78,2.74,2.36,2.48,2.35,2.53,2.39,3.41,2.83,2.48,3.7,2.57,2.71,2.62,3.19,3.22,3.39,3.48,4,3.11,2.91,2.71,2.99,2.19,2.98,3.48,2.82,3.35,2.6,2.19,3.06,3.31,3.44,3.89,2.51
"Living in same house 1 year ago, percent of persons age 1 year+, 2014-2018",85.00%,87.00%,81.10%,86.20%,88.40%,62.60%,88.20%,87.20%,87.40%,87.00%,88.50%,85.70%,76.30%,87.60%,80.10%,92.10%,86.10%,88.90%,91.00%,87.50%,66.90%,88.20%,89.00%,90.80%,88.90%,83.60%,82.50%,89.50%,82.10%,87.90%,91.30%,83.70%,86.90%,90.30%,82.50%,89.10%,92.00%,88.70%,85.80%,93.60%,91.50%,87.30%,88.20%,83.20%,87.20%,90.90%,87.80%,85.90%,89.60%,83.00%,86.10%,88.70%,87.40%,88.00%,79.80%,86.70%,74.50%,90.50%,84.90%,85.90%,90.30%,88.70%,83.30%,87.40%,93.30%,86.80%,87.70%,89.40%,88.20%,86.60%,90.30%,82.80%,79.40%,87.50%,81.00%,86.70%,86.60%,93.90%,90.00%,82.90%,80.90%,91.50%,89.10%,90.70%,81.00%,90.30%,92.30%,67.10%,90.40%,85.50%,84.60%,84.40%,87.00%,93.20%,73.20%,80.20%,88.30%,90.00%,82.30%,84.50%,85.50%,90.60%,82.10%,83.30%,84.50%,84.20%,83.20%,87.20%,91.50%,85.60%,78.90%,86.00%,90.00%,85.10%,79.80%,75.50%,87.60%,74.30%,91.90%,89.20%,88.40%,91.30%,90.00%,90.20%,90.30%,85.50%,80.70%,94.00%,91.10%,87.00%,87.80%,85.10%,85.30%,87.90%,87.10%,78.40%,82.00%,85.20%,81.10%,91.30%,81.30%,89.10%,90.10%,87.90%,72.20%,91.90%,87.90%,71.50%,89.80%,84.60%,91.00%,91.50%,87.40%,90.80%,84.70%,87.80%,84.40%,77.70%,79.40%,80.70%,83.20%,85.50%,90.90%,84.40%,88.60%,81.30%,90.10%,85.50%,84.90%,88.40%,89.50%,86.00%,85.80%,87.40%,88.70%,90.30%,87.60%,83.30%,93.80%,89.20%,87.90%,85.20%,86.20%,83.90%,89.40%,89.20%,86.50%,89.70%,87.50%,88.20%,80.90%,91.80%,82.80%,89.50%,86.20%
"Language other than English spoken at home, percent of persons age 5 years+, 2014-2018",41.10%,56.00%,46.80%,34.90%,60.80%,14.90%,56.10%,23.90%,66.30%,45.70%,15.80%,35.20%,39.30%,42.80%,40.10%,57.10%,58.50%,44.90%,68.70%,70.30%,27.60%,47.80%,40.90%,48.30%,68.20%,46.80%,43.60%,40.50%,16.10%,18.30%,28.80%,30.20%,22.80%,58.60%,21.80%,29.10%,35.10%,23.70%,47.30%,66.70%,91.90%,22.60%,46.10%,42.60%,33.10%,90.20%,19.60%,51.50%,49.60%,46.00%,28.70%,16.10%,54.20%,59.30%,47.40%,12.70%,23.50%,42.10%,36.30%,67.20%,66.70%,59.00%,32.10%,25.70%,67.70%,36.40%,63.70%,52.90%,30.00%,45.20%,75.40%,39.80%,12.40%,25.50%,46.80%,35.30%,8.30%,69.90%,48.80%,38.20%,26.70%,50.60%,58.80%,62.70%,34.50%,80.60%,60.20%,17.00%,33.10%,27.30%,5.80%,32.00%,64.30%,55.90%,25.30%,52.40%,39.80%,23.00%,57.80%,15.40%,62.80%,19.80%,70.80%,34.80%,37.00%,33.90%,53.90%,44.60%,55.70%,41.00%,5.60%,44.60%,63.40%,41.50%,10.50%,16.40%,33.40%,20.70%,65.00%,61.40%,21.40%,31.60%,27.10%,38.00%,31.60%,24.00%,15.60%,54.30%,50.60%,32.40%,60.60%,13.50%,6.10%,17.20%,38.20%,14.50%,48.80%,19.50%,45.20%,30.60%,29.60%,12.70%,36.40%,50.20%,34.20%,13.50%,35.20%,29.70%,51.70%,22.40%,68.00%,66.80%,29.40%,38.50%,25.60%,13.70%,29.90%,50.20%,11.60%,24.50%,33.40%,37.40%,8.90%,36.60%,11.90%,16.30%,17.80%,43.50%,16.20%,26.50%,62.60%,34.90%,38.70%,24.90%,58.50%,26.60%,69.70%,47.50%,79.80%,37.50%,32.80%,29.10%,43.30%,26.50%,54.80%,59.20%,21.10%,58.90%,16.20%,11.90%,44.10%,65.80%,24.30%,58.40%,21.90%
"Households with a computer, percent, 2014-2018",91.30%,92.40%,91.70%,92.80%,93.00%,93.30%,93.20%,95.10%,82.70%,93.20%,94.30%,85.10%,88.90%,97.30%,95.30%,94.60%,89.80%,90.60%,92.60%,85.50%,97.40%,93.70%,93.20%,88.20%,86.20%,94.30%,87.90%,95.40%,88.60%,96.10%,98.70%,83.60%,95.60%,93.60%,90.10%,94.60%,94.00%,94.30%,94.30%,85.40%,84.00%,94.10%,91.40%,87.30%,93.80%,85.10%,94.70%,93.50%,93.80%,89.20%,91.80%,96.70%,90.10%,89.80%,96.50%,89.90%,91.40%,90.50%,91.20%,96.80%,90.80%,89.80%,93.80%,90.60%,90.20%,91.80%,93.20%,91.70%,90.20%,91.00%,89.00%,96.40%,81.70%,96.10%,90.30%,96.90%,93.40%,87.10%,93.30%,92.00%,95.50%,88.50%,93.90%,85.30%,92.00%,90.80%,81.60%,94.40%,92.90%,92.50%,90.80%,92.70%,86.20%,90.10%,95.40%,95.30%,94.50%,94.60%,96.20%,91.60%,84.40%,93.10%,60.40%,91.60%,91.70%,84.00%,96.30%,83.80%,95.60%,88.90%,82.20%,89.20%,90.40%,92.50%,97.00%,93.50%,94.40%,89.40%,96.50%,96.10%,94.70%,96.20%,97.40%,95.60%,97.10%,96.30%,93.30%,86.10%,95.00%,89.00%,84.90%,92.50%,95.60%,89.90%,93.20%,95.70%,94.20%,96.80%,97.80%,96.30%,90.90%,97.10%,97.00%,93.60%,95.80%,97.40%,94.70%,95.90%,90.70%,95.30%,89.90%,93.60%,92.40%,96.00%,91.80%,97.30%,97.60%,97.50%,90.90%,92.70%,93.70%,92.10%,98.30%,93.10%,95.00%,95.30%,97.20%,92.80%,95.00%,92.30%,87.10%,95.40%,94.40%,93.50%,96.90%,92.90%,85.20%,87.60%,83.50%,94.80%,95.80%,97.50%,98.10%,94.90%,86.10%,93.70%,97.00%,91.10%,94.80%,96.10%,92.50%,97.80%,96.70%,94.30%,95.60%
"Households with a broadband Internet subscription, percent, 2014-2018",84.40%,78.40%,83.50%,86.00%,87.70%,87.80%,87.30%,91.30%,73.20%,89.10%,91.90%,74.30%,78.30%,93.50%,88.20%,90.80%,82.20%,83.60%,81.90%,73.50%,92.60%,84.00%,89.00%,78.60%,82.40%,89.00%,78.90%,90.20%,75.50%,90.80%,96.50%,74.70%,92.80%,87.60%,88.50%,88.00%,89.20%,87.10%,87.70%,74.00%,71.70%,88.50%,82.30%,80.00%,86.20%,77.10%,88.00%,88.40%,87.20%,84.60%,86.00%,93.90%,74.60%,80.70%,91.40%,81.40%,88.90%,83.90%,84.20%,93.50%,80.30%,79.40%,88.80%,85.90%,77.20%,87.00%,86.00%,87.80%,83.20%,83.50%,77.00%,92.30%,71.00%,92.80%,83.80%,94.10%,88.20%,77.00%,88.80%,83.20%,89.30%,84.30%,74.60%,71.80%,86.40%,81.30%,72.70%,90.10%,88.90%,87.30%,82.90%,86.40%,80.10%,79.40%,89.60%,91.20%,89.30%,92.10%,91.50%,87.20%,75.20%,88.50%,54.00%,84.40%,86.50%,79.10%,89.80%,75.90%,91.70%,82.50%,74.80%,82.10%,84.40%,85.70%,93.30%,86.90%,87.40%,85.50%,90.50%,92.50%,92.20%,92.80%,93.10%,91.40%,94.90%,92.00%,87.50%,78.50%,91.60%,82.50%,77.40%,87.50%,88.50%,85.10%,87.20%,88.80%,83.10%,93.50%,95.20%,88.60%,84.80%,95.00%,92.70%,87.10%,89.90%,96.10%,89.00%,89.60%,84.70%,90.30%,83.50%,85.90%,87.40%,89.60%,86.80%,94.50%,95.50%,92.90%,85.50%,89.30%,89.70%,87.10%,96.60%,87.70%,92.60%,92.70%,94.20%,86.20%,91.00%,90.00%,75.80%,91.50%,88.50%,89.20%,92.70%,91.10%,74.20%,78.90%,71.70%,91.30%,91.90%,96.10%,96.40%,90.50%,78.60%,86.30%,94.60%,85.90%,91.70%,91.90%,86.50%,94.00%,91.60%,84.10%,93.10%
"High school graduate or higher, percent of persons age 25 years+, 2014-2018",80.40%,78.90%,72.60%,86.90%,77.10%,95.50%,83.80%,92.90%,70.30%,95.90%,96.50%,79.00%,70.90%,93.50%,77.90%,93.20%,71.30%,91.00%,78.00%,61.40%,97.50%,85.90%,85.30%,75.30%,86.60%,87.10%,76.70%,90.60%,86.30%,96.30%,96.60%,80.30%,91.00%,82.00%,88.30%,90.10%,90.10%,92.10%,82.90%,57.30%,45.00%,92.50%,80.20%,78.30%,87.20%,53.40%,92.40%,78.60%,92.80%,74.20%,83.90%,97.90%,71.30%,77.00%,93.40%,91.10%,92.90%,89.30%,82.10%,88.20%,68.90%,72.30%,86.70%,86.00%,74.50%,83.30%,66.20%,75.00%,84.20%,88.10%,63.30%,97.40%,88.10%,91.80%,79.60%,96.20%,96.70%,71.30%,88.40%,84.70%,89.80%,72.90%,69.30%,64.60%,86.70%,58.10%,67.30%,92.70%,84.40%,89.50%,89.30%,85.70%,59.60%,81.00%,93.70%,92.20%,94.20%,93.20%,92.30%,91.10%,58.00%,98.70%,53.90%,79.10%,87.90%,81.10%,84.60%,74.00%,89.90%,77.50%,88.30%,80.90%,77.90%,83.50%,97.60%,93.20%,88.10%,81.60%,90.60%,93.40%,97.20%,98.50%,98.80%,97.30%,98.40%,96.40%,96.20%,83.90%,97.80%,82.70%,67.50%,95.30%,97.30%,91.60%,82.50%,97.70%,83.50%,99.30%,94.60%,86.90%,89.60%,98.00%,87.10%,76.70%,96.30%,99.20%,90.50%,96.30%,82.10%,90.70%,70.00%,72.90%,93.00%,92.90%,86.70%,98.10%,97.10%,96.40%,87.10%,91.90%,89.40%,83.60%,98.10%,85.40%,98.90%,98.20%,99.00%,80.30%,93.40%,93.00%,72.30%,95.60%,84.90%,90.80%,93.80%,89.50%,74.20%,67.00%,55.10%,86.40%,92.30%,95.90%,96.50%,97.40%,77.30%,85.10%,95.60%,82.00%,95.30%,97.70%,83.00%,92.20%,90.90%,74.90%,96.90%
"Bachelor's degree or higher, percent of persons age 25 years+, 2014-2018",21.80%,21.80%,14.40%,21.00%,25.50%,52.20%,29.90%,31.90%,13.50%,63.00%,43.40%,15.50%,11.60%,46.00%,21.10%,52.00%,9.40%,41.50%,22.80%,7.70%,75.20%,26.50%,27.20%,16.40%,39.40%,41.20%,21.60%,42.90%,17.20%,52.80%,77.20%,11.60%,42.80%,27.00%,28.50%,35.70%,29.90%,37.00%,27.40%,7.00%,5.90%,42.90%,30.60%,12.70%,33.90%,9.80%,33.50%,18.00%,51.50%,17.70%,15.50%,74.70%,10.90%,33.70%,68.50%,37.40%,52.40%,36.40%,18.90%,47.80%,17.20%,16.10%,30.30%,19.80%,17.20%,33.10%,8.50%,9.80%,23.80%,51.20%,11.30%,81.90%,12.10%,47.80%,19.80%,62.90%,47.80%,12.70%,42.20%,32.60%,27.10%,13.10%,10.70%,14.10%,49.00%,14.00%,12.10%,49.60%,37.50%,35.00%,15.20%,32.20%,13.40%,17.00%,52.50%,58.50%,50.50%,49.80%,63.70%,43.20%,7.00%,62.40%,2.60%,12.70%,26.10%,21.80%,42.60%,11.20%,32.70%,18.00%,18.50%,25.90%,25.90%,29.90%,75.10%,37.40%,25.30%,13.10%,37.30%,56.10%,68.60%,67.80%,75.80%,67.60%,82.60%,59.20%,52.70%,30.40%,75.60%,23.70%,9.10%,44.10%,57.00%,49.80%,33.00%,63.30%,18.80%,74.00%,63.70%,18.60%,37.30%,56.20%,47.50%,16.10%,70.70%,82.90%,52.40%,73.00%,30.00%,46.30%,16.60%,17.90%,37.00%,42.20%,19.10%,69.40%,64.50%,68.50%,15.90%,36.30%,46.20%,27.80%,73.10%,50.40%,77.00%,67.80%,73.60%,22.60%,28.90%,45.70%,15.80%,64.60%,40.00%,35.80%,53.20%,42.30%,14.90%,10.90%,9.90%,38.60%,49.40%,55.50%,69.60%,65.50%,19.80%,28.80%,51.50%,28.80%,61.00%,67.00%,20.10%,52.90%,30.10%,17.10%,55.50%
"With a disability, under age 65 years, percent, 2014-2018",7.50%,5.50%,10.70%,11.80%,5.30%,9.30%,5.50%,7.30%,10.80%,4.30%,7.10%,10.10%,8.80%,3.80%,5.00%,4.10%,8.60%,5.70%,5.10%,7.40%,3.60%,6.70%,5.40%,7.30%,6.60%,5.80%,10.40%,7.30%,12.30%,5.00%,2.30%,12.80%,10.90%,5.60%,10.00%,7.40%,5.20%,8.60%,6.30%,7.30%,5.00%,5.60%,7.10%,9.70%,7.60%,5.40%,5.70%,9.90%,4.70%,12.20%,8.80%,3.00%,7.20%,6.30%,3.90%,10.70%,4.70%,5.20%,10.10%,3.50%,6.70%,5.90%,7.60%,6.70%,6.80%,6.70%,6.30%,6.30%,7.40%,5.70%,5.80%,2.60%,17.40%,5.80%,9.00%,3.50%,6.70%,5.70%,5.00%,8.30%,8.10%,6.80%,7.20%,9.00%,6.10%,5.20%,6.80%,5.50%,5.40%,7.60%,13.40%,8.40%,5.60%,6.00%,6.50%,4.30%,5.00%,5.70%,3.10%,7.40%,5.10%,3.90%,3.40%,8.00%,8.40%,11.80%,5.20%,9.10%,4.90%,8.50%,13.90%,7.10%,7.50%,6.70%,3.90%,9.00%,6.70%,9.70%,4.40%,3.80%,3.00%,4.90%,3.10%,3.30%,2.20%,4.70%,6.90%,6.90%,3.00%,9.60%,5.60%,8.20%,3.70%,11.60%,7.00%,4.10%,8.00%,4.70%,3.40%,8.80%,10.70%,4.30%,3.40%,7.10%,5.40%,2.40%,6.10%,6.10%,6.70%,5.60%,7.20%,6.90%,7.90%,5.50%,9.00%,4.80%,4.50%,3.10%,14.60%,7.10%,4.30%,9.70%,3.50%,4.70%,3.90%,3.20%,3.60%,7.30%,6.90%,6.40%,6.10%,5.10%,5.10%,7.30%,5.00%,6.70%,7.70%,11.90%,5.90%,4.10%,4.60%,4.30%,2.90%,5.50%,7.40%,5.90%,4.00%,5.60%,3.80%,4.30%,8.70%,3.00%,6.50%,5.50%,5.40%
"Persons  without health insurance, under age 65 years, percent",8.70%,9.60%,9.00%,7.80%,14.40%,8.20%,11.50%,2.90%,8.40%,5.80%,3.30%,11.10%,6.40%,5.10%,10.00%,6.30%,7.20%,8.40%,12.50%,11.10%,3.90%,8.00%,10.50%,11.30%,10.00%,9.00%,10.40%,7.00%,11.60%,4.50%,2.60%,11.80%,10.40%,6.80%,13.30%,6.30%,7.10%,5.70%,10.60%,10.20%,21.20%,7.00%,10.60%,12.60%,11.60%,10.90%,5.10%,8.20%,3.60%,8.30%,5.70%,2.80%,10.20%,14.20%,6.20%,9.30%,7.80%,9.20%,7.80%,3.10%,19.00%,12.50%,11.10%,4.20%,12.30%,9.50%,13.90%,7.20%,16.40%,9.50%,14.00%,2.90%,10.40%,4.50%,13.60%,2.70%,9.00%,12.40%,5.50%,7.70%,8.30%,5.10%,13.30%,13.10%,12.20%,19.00%,10.20%,6.20%,11.90%,8.80%,11.10%,9.40%,20.80%,9.50%,6.50%,3.90%,5.80%,6.40%,4.30%,6.30%,11.60%,4.90%,10.20%,9.20%,7.10%,10.30%,9.60%,10.70%,3.60%,11.80%,7.20%,9.10%,9.00%,7.80%,3.60%,9.50%,7.00%,1.10%,3.50%,2.70%,2.70%,5.70%,3.00%,3.20%,1.20%,4.80%,5.50%,11.60%,2.80%,7.00%,14.10%,8.70%,5.20%,8.60%,11.60%,2.90%,14.40%,1.40%,2.50%,3.90%,13.00%,1.10%,6.00%,13.00%,4.10%,1.90%,4.50%,4.20%,6.90%,7.60%,13.10%,16.00%,4.40%,6.20%,8.10%,3.50%,4.80%,4.90%,9.60%,8.20%,5.90%,11.10%,1.50%,9.60%,0.90%,1.40%,0.80%,11.90%,5.80%,4.90%,14.40%,2.20%,13.90%,11.10%,7.10%,4.90%,16.00%,11.70%,17.60%,7.50%,7.00%,4.50%,2.00%,4.60%,18.40%,8.90%,4.50%,8.80%,6.80%,4.60%,9.90%,6.10%,7.90%,12.00%,4.00%
"In civilian labor force, total, percent of population age 16 years+, 2014-2018",63.80%,64.90%,62.90%,63.00%,67.20%,63.50%,65.10%,62.30%,55.50%,61.20%,65.10%,44.20%,48.50%,65.40%,52.30%,56.20%,62.10%,66.10%,65.90%,62.40%,58.30%,65.80%,66.10%,61.00%,61.70%,65.40%,61.40%,60.60%,57.40%,73.20%,54.60%,48.80%,64.10%,66.60%,63.10%,63.30%,65.70%,60.70%,67.90%,64.90%,64.60%,66.60%,65.70%,59.50%,67.00%,65.30%,52.10%,61.30%,63.50%,57.10%,60.80%,63.60%,63.20%,66.40%,73.90%,52.80%,55.50%,69.10%,60.00%,65.60%,67.80%,67.60%,62.90%,59.40%,62.20%,68.50%,64.40%,64.00%,64.30%,65.50%,63.70%,62.80%,51.90%,63.10%,60.40%,66.40%,58.70%,61.10%,70.40%,63.10%,68.90%,65.70%,64.50%,60.60%,68.00%,67.50%,60.80%,61.60%,59.50%,63.50%,57.70%,65.70%,66.50%,59.00%,61.90%,68.30%,63.50%,64.50%,70.90%,59.70%,33.30%,63.00%,43.60%,55.40%,63.30%,62.20%,71.90%,59.90%,67.60%,58.30%,55.90%,62.30%,59.70%,64.50%,76.60%,64.60%,61.00%,29.80%,64.90%,66.80%,71.80%,54.10%,51.70%,55.10%,59.20%,71.80%,56.40%,63.10%,52.70%,60.60%,60.20%,37.00%,36.00%,58.40%,66.30%,40.90%,60.40%,56.20%,69.70%,67.10%,50.70%,63.10%,67.30%,63.50%,72.60%,61.70%,66.50%,61.90%,66.00%,64.50%,64.40%,69.10%,60.60%,63.70%,55.80%,55.80%,65.20%,63.40%,52.50%,64.90%,69.40%,64.10%,71.30%,66.50%,61.10%,73.20%,61.10%,63.40%,64.30%,64.90%,64.30%,67.20%,72.30%,55.80%,62.30%,69.50%,54.60%,58.60%,60.20%,67.20%,67.30%,76.40%,68.60%,56.80%,58.50%,64.00%,73.70%,63.40%,65.10%,63.20%,61.70%,58.70%,63.00%,66.30%,66.00%
"In civilian labor force, female, percent of population age 16 years+, 2014-2018",56.50%,58.60%,54.00%,59.30%,59.80%,62.80%,58.70%,55.40%,52.60%,51.70%,62.70%,38.60%,63.10%,56.40%,57.90%,51.90%,52.90%,60.80%,59.10%,51.50%,56.00%,60.70%,58.30%,52.20%,55.60%,59.30%,56.10%,55.40%,52.30%,68.50%,44.80%,43.70%,61.10%,60.00%,59.40%,57.70%,62.40%,55.80%,62.40%,52.40%,54.50%,60.90%,60.60%,57.80%,60.90%,58.00%,46.60%,51.30%,56.70%,49.00%,53.70%,54.90%,52.70%,59.80%,66.60%,46.60%,54.80%,64.30%,53.10%,58.70%,61.20%,58.80%,57.00%,50.30%,55.70%,62.60%,54.30%,60.30%,57.80%,60.40%,57.20%,56.10%,47.80%,57.40%,56.70%,56.80%,47.60%,55.30%,66.30%,59.10%,63.00%,55.20%,56.30%,55.20%,62.50%,58.50%,53.90%,60.70%,50.90%,58.80%,51.80%,60.30%,58.80%,52.90%,59.10%,60.50%,56.70%,57.10%,60.30%,54.50%,45.00%,55.60%,49.40%,51.90%,57.80%,56.20%,64.40%,49.70%,60.30%,51.20%,53.80%,57.20%,53.60%,60.90%,72.50%,61.70%,54.70%,48.90%,56.70%,57.40%,65.10%,43.40%,41.60%,48.30%,51.60%,66.90%,55.60%,57.80%,46.10%,54.50%,50.20%,31.30%,27.80%,54.70%,57.70%,44.80%,55.50%,49.80%,60.50%,61.60%,47.50%,57.60%,62.60%,55.70%,65.70%,52.90%,63.30%,59.80%,61.70%,60.60%,55.00%,61.10%,55.90%,57.30%,49.30%,47.50%,58.10%,54.80%,50.40%,61.10%,63.70%,57.70%,66.80%,60.00%,52.80%,64.90%,49.60%,57.00%,58.10%,58.30%,57.40%,61.10%,65.40%,49.20%,57.30%,64.40%,50.40%,51.30%,53.10%,61.80%,59.80%,70.00%,60.00%,49.90%,51.10%,59.20%,65.80%,58.10%,57.50%,56.80%,53.60%,53.00%,55.60%,58.70%,59.90%
"Total accommodation and food services sales, 2012 ($1,000)","713,421","47,954","27,659","105,576","1,589,090","56,345","183,615","88,838","26,146","782,336","40,246","41,263","13,325","114,462","127,699",D,"52,012","532,939","247,665",D,D,"98,743","261,426","58,049","400,499","293,087","841,297","128,292","18,922","197,865","3,029","112,102","65,425","224,951","21,883","74,646","169,078","64,862","102,631","10,274","82,705","534,833","984,077","62,887","31,126","10,060",D,"20,623","116,497","107,695","103,677","247,030","42,953","9,295,589","296,343","59,343","416,336","109,293","390,955","320,358","264,156","383,233","354,820","34,012","110,854","270,309","55,927",D,"119,431","617,429","40,960","422,311","35,514","69,702","27,176","247,683","133,072","104,954","119,709","1,145,662","94,958","28,867","71,778",D,"494,443","462,834","16,250","220,943","72,021","318,987","4,159","355,017","144,935","75,430","253,858","581,115","498,141","378,468","349,109","103,166",D,"8,511",D,"167,894","147,888","45,655","224,780","74,544","148,957","110,626","21,816",D,"144,492",D,"114,986","213,058","33,140",D,"95,526","331,701","104,438","26,219","6,134","127,910","84,041","247,461","67,808","30,308","15,759","216,809","32,786","474,167","101,987","72,444","43,039","276,754","20,616","19,368","181,412",D,"411,178","7,417","106,862","191,935","148,203",D,"145,408","383,709","146,226","56,255","52,938","38,019","71,516","88,290","75,414","88,946","63,095","907,926","40,268","172,347","104,672","41,713","30,501","163,381","42,631","62,000","31,715","516,559","85,066","98,884","82,158","58,035","530,564","207,104","75,083","48,895","145,770",D,"41,969","74,534","103,471","87,073","159,782","259,074","66,990","184,466","76,359","357,906","277,859","251,224","173,568","29,050","135,859","188,374","106,052"
"Total health care and social assistance receipts/revenue, 2012 ($1,000)","3,073,591","31,833","36,118","1,062,431","2,204,716","107,014","180,379","88,320","159,692","1,254,355","29,704","106,855","25,727",D,"272,474","283,035","45,569","1,101,447","1,293,720","33,906","289,790","358,612","485,053","742,099","1,638,525","1,078,558","4,486,734","953,845","68,836","85,886","5,637","433,322","74,923","1,383,326","26,252","331,086","329,182","73,335","82,647","11,878","185,827","551,072","3,359,300","147,290","57,043","13,493","141,946",D,"53,043","586,717","486,282","196,101","87,652","29,830,223","1,545,662","26,685","827,865","159,020","2,641,840","379,134","568,348","710,640","659,097","30,275","389,200","786,190","57,995","14,309","54,421","2,643,350","153,428","5,025,394",D,"349,071","22,341","987,499","57,100","117,722","180,361","7,027,206","98,550","15,535","67,362","109,063","1,395,001","1,559,139","36,603","685,502","117,993","1,270,600","8,976","2,103,870","619,855","118,886","292,027","1,928,466","2,170,054","1,050,967","552,437","149,750",D,"26,694",D,"468,289","1,405,040","212,558","635,514",D,"41,794","375,011","80,333","331,977","348,263",D,"42,586","933,079","66,889","1,744","187,959","1,803,653","98,736","40,708","26,602","87,397","181,092","211,291","54,983","57,050",D,"961,840","101,991","914,944",D,"33,437","10,734","129,218","33,726","32,837","174,411","13,776","758,140","6,757",D,"772,379","591,911",D,"270,774","1,251,235","697,362","427,159",D,"34,696","180,317","169,842","131,702","64,056","63,454","1,778,652",D,"1,181,223","237,390","31,515","19,591","858,467","64,719","68,855","15,788","2,611,813","92,074","347,925","183,997","34,222","409,897","51,630","119,257","55,094","294,328",D,"100,591","218,917","725,618","434,040","430,788","2,728,198","52,485","795,646","66,493","1,191,992","636,415",D,"393,942","44,067","539,515","1,486,568","192,329"
"Total manufacturers shipments, 2012 ($1,000)","646,187","1,505,181",D,"125,863","4,824,368","134,093","1,990,266",D,D,"33,924","7,511,875","72,861",D,D,"1,465,107","509,793","90,117","1,269,222","1,037,022",D,D,"343,985","4,810,505","1,090,706","842,272","2,032,215","4,367,746","2,318,099",D,"26,544,184",X,"169,018","488,464","4,108,104","51,807","363,035",D,"204,698","168,893",D,"441,273",D,"4,464,417","108,449",D,D,"176,918","529,206",D,"273,926",D,D,D,"43,502,545","824,954",D,"116,862","719,581",D,"4,539,298","3,144,449","4,490,350","1,537,285","747,131","174,185","1,078,992","165,990",D,"524,584","172,451","1,996,285","2,798,357","55,152","3,400,266",D,"836,874","2,531","433,303",D,"3,149,760","240,399",D,"410,534","80,882","197,024","5,177,289","140,250","219,233","272,087","517,187",D,"1,035,952","790,177","3,983,071","346,239","4,524,828","11,915,182","1,238,778","10,930,684","478,756",D,"4,454",D,"665,736",D,D,"679,167","2,387,392","806,201","457,922",D,D,"106,373",D,D,"568,568","102,255",X,"1,033,722","5,193,966",D,D,D,D,"29,960",D,"3,619","272,664",D,"1,355,785","83,503","1,515",X,D,"640,346",D,X,D,"509,711",D,"242,877",X,D,"233,335","2,318,570",X,"1,130,161",D,"1,833,515","469,173","101,644",D,D,"588,056","61,775","142,999",D,"11,089,148",D,"18,680","1,857,528",D,"2,954","157,761",D,D,D,"2,802,939",D,D,"121,294",D,"1,541,442","1,098",D,"398,264",D,D,"671,779","756,993","74,896","57,954",D,D,"5,454","104,125","682,773","1,363,360","48,203","31,873",D,"84,617","108,863","1,574,629",D
"Total merchant wholesaler sales, 2012 ($1,000)","3,693,077","882,981",D,"276,104","7,153,513","59,357","2,044,852","18,341","187,902","647,529","733,696","72,016",D,"203,496","3,872,870","5,454,511","281,933","4,628,564","338,525","43,604","495,851","143,256","7,238,959","642,122","1,386,584","2,539,641","5,459,791","657,061","14,546","2,714,482",D,"69,061","160,038","4,546,375","48,528","162,851","38,850","527,142","247,925","54,016","399,298","10,353,671","6,962,345","12,585","11,812",D,"55,469","1,096,782",D,"1,669,504","225,120",D,"122,850","63,834,855","2,021,592",D,"1,263,983","545,258","2,459,520","4,031,646","5,873,574","14,205,730","696,753","146,493","469,393","309,928","204,042","296,511","129,736","2,271,627","989,138",D,D,"1,103,477",D,"2,651,340","7,062","1,419,821","1,046,594","9,800,438","299,886","5,665","739,692","59,628","832,122","3,284,087","45,477","442,399","254,265","762,188",D,"1,002,838","692,508","14,797,471","594,489","10,163,319","9,142,932","5,097,661","9,873,234","95,362","55,376","31,771",D,"314,649","433,958","73,199","1,489,661","233,766","788,043","199,193",D,"565,893","307,298","5,481,100","122,033","399,318","3,930",D,"2,980,886","13,487,395","488,767",D,"60,079","209,135",D,"156,168",D,"363,215","45,259","1,749,656","105,809","9,504",D,D,"164,120","6,271","3,347","4,684","222,608",D,"309,810",D,D,"544,857","1,555,476",X,"2,887,115","565,059","1,784,391","450,052",D,"39,167","303,979","3,767,207","39,760","1,296,770","890,409","30,339,277","3,434","66,574","620,249","45,927","14,450","763,506","21,837",D,"7,995","2,747,573","152,705","450,363","225,979",D,"17,724,340","34,689","1,359,929","411,443","702,746",X,"1,454,288","329,508","282,330","1,010,560","2,125,573","1,067,262","37,588","203,580","364,418","1,406,408","212,057",D,"556,804","557,576","425,561","1,811,511","112,367"
"Total retail sales, 2012 ($1,000)","5,263,757","470,738","257,475","939,262","3,757,876","169,546","1,731,094","557,189","141,954","2,912,276","266,637","176,702","110,455","635,643","1,188,894","2,479,881","443,726","2,316,763","1,163,833","257,907","466,032","671,067","2,616,052","480,873","3,138,231","1,516,437","5,960,155","1,298,554","162,406","1,539,382",D,"845,512","222,102","1,765,733","95,898","688,202","1,104,404","355,654","912,087","73,435","622,664","2,505,584","3,783,946","371,913","139,996","53,789","267,998","177,090","183,988","945,615","824,048","772,127","270,465","40,156,864","1,222,564","115,591","464,534","779,419","2,347,633","1,132,701","2,363,119","4,833,480","1,677,843","275,380","1,101,490","1,128,364","609,349","115,673","625,173","2,700,924","326,889","2,460,952","259,152","969,925","89,853","1,662,290","162,621","1,480,264","528,652","4,363,259","637,572","232,694","541,889","146,616","1,537,846","3,169,405","162,178","1,390,690","714,415","1,824,747","37,162","2,817,543","1,561,248","603,134","773,249","2,126,474","3,783,674","2,880,594","1,692,986","245,077","79,068","36,997","98,523","1,710,866","1,147,542","441,863","2,205,647","808,120","684,259","1,015,142","173,193","703,258","1,466,399","547,814","161,197","1,790,690","348,804","8,314","621,113","2,617,892","490,059","148,843","25,890","128,153",D,"869,741","136,986","502,805","26,688","1,873,654","358,814","355,953","28,803","120,076","146,776","82,281","45,330","113,963","1,329,043","124,824","733,115","61,278","168,442","1,696,776","680,019","14,508","492,223","1,340,992","4,342,767","170,848","386,502","208,359","538,390","613,959","417,316","301,526","597,445","4,254,423","346,577","1,070,326","727,701","208,952","121,241","1,756,985","194,666","1,486,775","17,309","4,127,390","749,990","834,254","1,003,479","292,341","3,815,534","637,359","311,617","227,297","1,395,862","20,502","341,136","356,104","452,643","500,316","671,450","1,972,768","790,127","1,476,317","540,596","2,744,353","1,119,702","202,302","1,756,003","232,542","1,082,741","2,145,066","607,455"
"Total retail sales per capita, 2012","$14,679 ","$9,930 ","$8,958 ","$8,902 ","$10,948 ","$9,565 ","$21,071 ","$10,381 ","$5,552 ","$84,116 ","$9,722 ","$5,830 ","$6,579 ","$8,314 ","$14,831 ","$49,968 ","$9,706 ","$22,193 ","$10,311 ","$11,235 ","$7,062 ","$13,881 ","$16,516 ","$9,052 ","$16,137 ","$10,943 ","$11,782 ","$22,998 ","$13,721 ","$91,363 ",NA,"$10,432 ","$19,415 ","$11,819 ","$7,188 ","$13,569 ","$13,663 ","$11,345 ","$14,857 ","$5,133 ","$10,612 ","$12,868 ","$8,087 ","$8,597 ","$6,818 ","$3,973 ","$6,037 ","$9,252 ","$8,334 ","$11,704 ","$11,595 ","$21,605 ","$7,360 ","$10,409 ","$15,956 ","$11,147 ","$16,017 ","$21,091 ","$11,534 ","$16,464 ","$11,724 ","$28,906 ","$9,795 ","$12,993 ","$10,364 ","$14,403 ","$8,543 ","$5,599 ","$20,460 ","$19,495 ","$5,978 ","$37,083 ","$18,306 ","$19,766 ","$4,111 ","$22,979 ","$20,889 ","$23,303 ","$12,538 ","$9,176 ","$15,463 ","$9,988 ","$5,326 ","$5,902 ","$17,156 ","$9,578 ","$6,601 ","$30,313 ","$20,204 ","$16,938 ","$3,639 ","$16,507 ","$15,388 ","$35,971 ","$12,464 ","$17,823 ","$25,735 ","$22,432 ","$11,580 ","$22,590 ","$2,986 ","$3,358 ","$3,864 ","$14,217 ","$9,742 ","$27,778 ","$28,260 ","$13,262 ","$15,686 ","$15,592 ","$22,554 ","$12,498 ","$16,048 ","$11,062 ","$8,152 ","$20,415 ","$8,841 ","$1,140 ","$8,655 ","$11,793 ","$16,845 ","$18,174 ","$1,903 ","$3,028 ",NA,"$12,848 ","$8,891 ","$23,217 ","$2,011 ","$14,744 ","$15,090 ","$20,125 ","$5,619 ","$15,887 ","$11,093 ","$3,518 ","$1,689 ","$6,902 ","$27,248 ","$3,348 ","$15,970 ","$5,414 ","$14,455 ","$8,503 ","$65,798 ","$1,332 ","$6,507 ","$11,620 ","$49,980 ","$14,642 ","$9,932 ","$6,291 ","$15,958 ","$12,587 ","$5,122 ","$35,900 ","$24,941 ","$18,499 ","$16,427 ","$18,403 ","$24,025 ","$10,317 ","$9,706 ","$30,033 ","$13,749 ","$158,556 ","$1,904 ","$13,158 ","$13,552 ","$15,652 ","$26,739 ","$11,035 ","$34,092 ","$16,434 ","$5,529 ","$6,478 ","$23,505 ","$2,408 ","$16,808 ","$6,891 ","$14,625 ","$10,109 ","$9,083 ","$30,029 ","$15,006 ","$13,741 ","$11,060 ","$10,872 ","$18,358 ","$8,729 ","$17,312 ","$7,749 ","$10,137 ","$10,629 ","$17,956 "
"Mean travel time to work (minutes), workers age 16 years+, 2014-2018",22.6,27.8,27,45.7,28.5,16.5,30.8,45.8,21.9,24.3,34.8,24.7,18.7,39.6,34.2,34.5,29.4,28.4,31,21.5,22.2,34.1,36.9,26.3,28.6,30.2,21.8,27.9,19.3,25.9,32.5,34.3,23.8,33.3,23,33.5,30.6,31.5,30.1,25.3,31.2,29.7,30.6,26.2,25.9,25.4,29.6,43.6,30,24.2,37,31.2,43.2,31.4,23.4,20.7,16.1,31.5,28.2,28.2,26.2,31.3,29,30.4,30.9,22.4,36.7,42.6,23.8,28.6,28.6,24.8,15.9,25.7,24.1,35.3,21.2,31,28.3,25.6,26.7,29.8,32.1,25.4,17,25.3,25.2,15.8,24,25.7,20.7,23.1,21.3,30.4,23.5,24.1,28.9,26.3,24.7,29,23,30.1,25,34.6,35.6,17.6,24.3,20.4,30.5,26.4,14.4,22.4,28.2,24.9,33.8,17.4,32.7,29.1,34.6,35,29.2,32,35.3,35.3,24.4,30.4,20.3,30.5,29.6,21.3,24.1,26.1,26.4,24.9,23.5,21.7,27.6,33,39.5,41.8,20.5,41.4,28.9,35.1,33.5,31.2,33.9,29.4,33.2,29.9,29.1,26.6,33.1,31.7,42,28.3,34.2,25.6,25.9,24.9,16.3,24.3,33.4,28.9,34.9,35.6,31.2,30.5,27.6,33.7,30.9,29.6,22.7,22.1,35.9,28.6,26.9,26.3,29.4,28.6,24.7,26.4,38.1,35.5,20.5,34.3,29.7,29.7,25.2,27.9,27.3,36.7,36.2,33.7,34.2
"Median household income (in 2018 dollars), 2014-2018","$62,340 ","$60,227 ","$52,542 ","$71,422 ","$69,443 ","$31,674 ","$72,814 ","$103,771 ","$42,687 ","$103,403 ","$99,018 ","$41,038 ","$61,026 ","$104,590 ","$79,477 ","$99,528 ","$54,109 ","$73,277 ","$71,948 ","$42,145 ","$66,162 ","$69,449 ","$79,081 ","$50,063 ","$62,531 ","$73,360 ","$47,189 ","$85,423 ","$45,893 ","$98,813 ","$250,000+","$39,179 ","$90,300 ","$80,093 ","$68,333 ","$92,674 ","$89,469 ","$85,769 ","$76,452 ","$45,876 ","$40,638 ","$91,318 ","$60,551 ","$52,543 ","$69,827 ","$50,819 ","$81,417 ","$82,658 ","$120,565 ","$42,637 ","$69,255 ","$150,083 ","$53,901 ","$58,385 ","$128,252 ","$66,404 ","$77,562 ","$73,170 ","$57,233 ","$125,161 ","$68,303 ","$61,602 ","$68,652 ","$54,443 ","$66,453 ","$80,418 ","$59,141 ","$65,345 ","$61,105 ","$78,941 ","$53,031 ","$157,120 ","$31,065 ","$105,732 ","$65,243 ","$148,852 ","$88,003 ","$65,666 ","$102,101 ","$58,456 ","$66,387 ","$65,876 ","$58,061 ","$44,812 ","$74,798 ","$61,774 ","$45,020 ","$52,740 ","$87,353 ","$76,076 ","$51,836 ","$71,347 ","$59,336 ","$65,518 ","$70,102 ","$116,257 ","$90,309 ","$105,485 ","$131,791 ","$79,576 ","$60,616 ","$96,630 ","$37,917 ","$50,691 ","$66,606 ","$47,135 ","$79,339 ","$52,546 ","$108,181 ","$54,506 ","$39,792 ","$64,122 ","$61,834 ","$64,664 ","$137,188 ","$47,359 ","$78,111 ","$70,884 ","$105,448 ","$127,374 ","$169,640 ","$143,873 ","$175,000 ","$133,286 ","$215,339 ","$112,271 ","$81,623 ","$73,429 ","$159,509 ","$58,820 ","$41,560 ","$71,227 ","$104,522 ","$70,403 ","$73,505 ","$101,520 ","$51,838 ","$149,781 ","$144,564 ","$93,824 ","$50,361 ","$152,581 ","$122,691 ","$63,572 ","$100,568 ","$210,889 ","$98,150 ","$80,912 ","$70,723 ","$84,068 ","$56,506 ","$58,447 ","$84,749 ","$92,098 ","$65,757 ","$141,979 ","$119,926 ","$100,969 ","$45,277 ","$63,947 ","$91,174 ","$62,803 ","$125,189 ","$87,262 ","$158,839 ","$147,587 ","$163,865 ","$65,313 ","$83,533 ","$96,743 ","$58,012 ","$135,342 ","$79,207 ","$79,889 ","$96,628 ","$104,839 ","$46,032 ","$51,597 ","$48,944 ","$89,690 ","$98,168 ","$108,558 ","$151,026 ","$96,851 ","$46,370 ","$79,140 ","$115,073 ","$76,354 ","$113,175 ","$121,474 ","$52,593 ","$104,096 ","$84,817 ","$70,789 ","$110,137 "
"Per capita income in past 12 months (in 2018 dollars), 2014-2018","$26,323 ","$21,632 ","$20,261 ","$28,138 ","$27,501 ","$23,790 ","$28,224 ","$39,138 ","$17,718 ","$84,147 ","$50,793 ","$20,419 ","$21,474 ","$37,492 ","$23,360 ","$38,671 ","$18,339 ","$40,282 ","$27,370 ","$15,733 ","$38,961 ","$28,277 ","$31,074 ","$19,732 ","$34,900 ","$34,296 ","$22,277 ","$38,149 ","$22,218 ","$49,818 ","$139,283 ","$19,467 ","$52,349 ","$31,825 ","$31,949 ","$39,413 ","$33,966 ","$38,679 ","$30,168 ","$16,726 ","$14,410 ","$47,078 ","$31,114 ","$22,379 ","$37,423 ","$16,923 ","$37,692 ","$24,245 ","$54,619 ","$20,363 ","$27,130 ","$93,616 ","$20,971 ","$33,420 ","$73,924 ","$35,852 ","$44,941 ","$37,260 ","$26,458 ","$43,551 ","$22,914 ","$22,237 ","$32,182 ","$26,759 ","$22,076 ","$38,505 ","$17,436 ","$22,474 ","$31,991 ","$45,306 ","$17,381 ","$89,205 ","$18,077 ","$43,834 ","$24,054 ","$64,504 ","$60,148 ","$22,076 ","$45,247 ","$30,487 ","$31,414 ","$24,694 ","$19,111 ","$17,388 ","$43,939 ","$19,517 ","$17,679 ","$31,917 ","$47,077 ","$36,359 ","$23,074 ","$34,902 ","$19,647 ","$24,389 ","$36,712 ","$49,485 ","$43,272 ","$50,747 ","$62,891 ","$50,461 ","$13,467 ","$59,521 ","$12,031 ","$18,945 ","$29,885 ","$25,857 ","$36,982 ","$20,186 ","$39,107 ","$25,088 ","$24,712 ","$29,356 ","$27,603 ","$29,415 ","$92,921 ","$27,869 ","$27,958 ","$19,120 ","$38,484 ","$49,529 ","$83,961 ","$74,080 ","$87,330 ","$63,970 ","$105,635 ","$58,514 ","$49,874 ","$32,512 ","$76,717 ","$26,458 ","$16,552 ","$64,138 ","$99,206 ","$43,529 ","$40,569 ","$57,093 ","$23,587 ","$72,237 ","$58,454 ","$31,270 ","$42,017 ","$64,910 ","$63,316 ","$20,650 ","$66,046 ","$104,227 ","$48,791 ","$48,229 ","$34,185 ","$38,163 ","$21,445 ","$23,283 ","$36,900 ","$37,262 ","$27,680 ","$79,760 ","$72,709 ","$48,166 ","$26,185 ","$33,313 ","$39,538 ","$29,686 ","$72,656 ","$53,559 ","$110,808 ","$76,803 ","$113,424 ","$25,012 ","$33,978 ","$52,236 ","$19,406 ","$70,415 ","$39,028 ","$46,198 ","$37,691 ","$44,335 ","$21,207 ","$21,416 ","$16,697 ","$36,499 ","$48,377 ","$48,053 ","$60,326 ","$61,026 ","$25,744 ","$28,474 ","$51,219 ","$29,143 ","$62,251 ","$92,391 ","$23,723 ","$39,109 ","$32,030 ","$22,857 ","$52,062 "
"Persons in poverty, percent",18.50%,15.00%,21.30%,14.30%,15.20%,37.40%,13.60%,6.60%,31.80%,9.50%,7.00%,23.20%,21.80%,7.00%,11.00%,4.90%,15.60%,10.80%,9.90%,25.90%,29.60%,8.70%,10.50%,15.80%,14.90%,13.40%,26.90%,8.60%,16.80%,7.80%,2.70%,21.50%,4.50%,9.30%,13.60%,8.90%,6.40%,7.70%,11.50%,20.00%,26.10%,8.80%,18.10%,19.10%,11.70%,17.50%,7.40%,10.90%,4.70%,29.70%,10.90%,3.30%,20.70%,19.10%,7.00%,9.80%,11.20%,7.90%,15.90%,7.30%,14.30%,14.80%,11.60%,14.00%,12.80%,8.40%,20.20%,14.80%,11.20%,15.70%,18.70%,5.90%,26.70%,6.60%,12.50%,4.00%,5.80%,10.00%,5.00%,18.30%,12.90%,10.50%,17.60%,23.10%,13.20%,17.70%,30.70%,31.80%,9.70%,10.20%,17.10%,11.50%,17.10%,13.30%,23.60%,7.90%,7.00%,5.50%,5.80%,11.20%,13.00%,5.70%,22.90%,22.80%,14.10%,19.90%,12.30%,19.90%,4.90%,16.00%,24.20%,12.80%,15.90%,16.40%,5.30%,24.70%,10.40%,6.10%,6.40%,4.80%,2.90%,3.70%,5.40%,4.20%,3.40%,4.50%,7.00%,11.20%,9.10%,18.40%,25.40%,12.00%,6.80%,8.50%,8.00%,5.70%,20.00%,3.40%,3.50%,7.30%,17.30%,2.30%,3.50%,15.90%,13.60%,2.70%,8.10%,20.00%,9.90%,9.10%,18.90%,13.90%,8.60%,5.80%,9.90%,4.80%,7.30%,13.30%,19.90%,12.00%,7.60%,11.20%,3.70%,13.30%,4.70%,3.30%,2.60%,15.60%,6.60%,7.90%,17.00%,4.20%,13.00%,10.80%,6.30%,4.20%,19.90%,24.10%,17.50%,9.00%,8.70%,4.20%,3.60%,6.20%,20.70%,9.60%,4.20%,10.80%,6.90%,6.80%,21.70%,7.10%,8.20%,13.90%,7.60%
"Total employer establishments, 2018",X,X,X,X,X,X,X,X,X,X,X,X,X,X,X,X,X,X,X,X,X,X,X,X,X,X,X,X,X,X,X,X,X,X,X,X,X,X,X,X,X,X,X,X,X,X,X,X,X,X,X,X,X,X,X,X,X,X,X,X,X,X,X,X,X,X,X,X,X,X,X,X,X,X,X,X,X,X,X,X,X,X,X,X,X,X,X,X,X,X,X,X,X,X,X,X,X,X,X,X,X,X,X,X,X,X,X,X,X,X,X,X,X,X,X,X,X,X,X,X,X,X,X,X,X,X,X,X,X,X,X,X,X,X,X,X,X,X,X,X,X,X,X,X,X,X,X,X,X,X,X,X,X,X,X,X,X,X,X,X,X,X,X,X,X,X,X,X,X,X,X,X,X,X,X,X,X,X,X,X,X,X,X,X,X,X,X,X,X,X,X,X,X,X,X
"Total employment, 2018",X,X,X,X,X,X,X,X,X,X,X,X,X,X,X,X,X,X,X,X,X,X,X,X,X,X,X,X,X,X,X,X,X,X,X,X,X,X,X,X,X,X,X,X,X,X,X,X,X,X,X,X,X,X,X,X,X,X,X,X,X,X,X,X,X,X,X,X,X,X,X,X,X,X,X,X,X,X,X,X,X,X,X,X,X,X,X,X,X,X,X,X,X,X,X,X,X,X,X,X,X,X,X,X,X,X,X,X,X,X,X,X,X,X,X,X,X,X,X,X,X,X,X,X,X,X,X,X,X,X,X,X,X,X,X,X,X,X,X,X,X,X,X,X,X,X,X,X,X,X,X,X,X,X,X,X,X,X,X,X,X,X,X,X,X,X,X,X,X,X,X,X,X,X,X,X,X,X,X,X,X,X,X,X,X,X,X,X,X,X,X,X,X,X,X
"Total annual payroll, 2018 ($1,000)",X,X,X,X,X,X,X,X,X,X,X,X,X,X,X,X,X,X,X,X,X,X,X,X,X,X,X,X,X,X,X,X,X,X,X,X,X,X,X,X,X,X,X,X,X,X,X,X,X,X,X,X,X,X,X,X,X,X,X,X,X,X,X,X,X,X,X,X,X,X,X,X,X,X,X,X,X,X,X,X,X,X,X,X,X,X,X,X,X,X,X,X,X,X,X,X,X,X,X,X,X,X,X,X,X,X,X,X,X,X,X,X,X,X,X,X,X,X,X,X,X,X,X,X,X,X,X,X,X,X,X,X,X,X,X,X,X,X,X,X,X,X,X,X,X,X,X,X,X,X,X,X,X,X,X,X,X,X,X,X,X,X,X,X,X,X,X,X,X,X,X,X,X,X,X,X,X,X,X,X,X,X,X,X,X,X,X,X,X,X,X,X,X,X,X
"Total employment, percent change, 2017-2018",X,X,X,X,X,X,X,X,X,X,X,X,X,X,X,X,X,X,X,X,X,X,X,X,X,X,X,X,X,X,X,X,X,X,X,X,X,X,X,X,X,X,X,X,X,X,X,X,X,X,X,X,X,X,X,X,X,X,X,X,X,X,X,X,X,X,X,X,X,X,X,X,X,X,X,X,X,X,X,X,X,X,X,X,X,X,X,X,X,X,X,X,X,X,X,X,X,X,X,X,X,X,X,X,X,X,X,X,X,X,X,X,X,X,X,X,X,X,X,X,X,X,X,X,X,X,X,X,X,X,X,X,X,X,X,X,X,X,X,X,X,X,X,X,X,X,X,X,X,X,X,X,X,X,X,X,X,X,X,X,X,X,X,X,X,X,X,X,X,X,X,X,X,X,X,X,X,X,X,X,X,X,X,X,X,X,X,X,X,X,X,X,X,X,X
"Total nonemployer establishments, 2018",X,X,X,X,X,X,X,X,X,X,X,X,X,X,X,X,X,X,X,X,X,X,X,X,X,X,X,X,X,X,X,X,X,X,X,X,X,X,X,X,X,X,X,X,X,X,X,X,X,X,X,X,X,X,X,X,X,X,X,X,X,X,X,X,X,X,X,X,X,X,X,X,X,X,X,X,X,X,X,X,X,X,X,X,X,X,X,X,X,X,X,X,X,X,X,X,X,X,X,X,X,X,X,X,X,X,X,X,X,X,X,X,X,X,X,X,X,X,X,X,X,X,X,X,X,X,X,X,X,X,X,X,X,X,X,X,X,X,X,X,X,X,X,X,X,X,X,X,X,X,X,X,X,X,X,X,X,X,X,X,X,X,X,X,X,X,X,X,X,X,X,X,X,X,X,X,X,X,X,X,X,X,X,X,X,X,X,X,X,X,X,X,X,X,X
"All firms, 2012","25,938","3,129","1,143","6,018","29,541","1,957","7,048","4,106","1,481","15,383","2,737","2,077",551,"6,954","7,436","6,005","2,704","17,587","10,812",819,"4,463","5,071","13,644","3,927","29,153","12,133","35,334","7,429",824,"3,842","1,240","5,580","1,795","10,978","1,518","5,196","6,018","2,800","5,085",508,"4,541","22,860","43,731","2,420","2,534",687,"2,672","1,073","2,385","4,222","4,614","6,059","1,934","497,999","8,859","1,241","3,866","4,263","13,728","6,265","11,421","14,177","13,372","1,226","7,780","7,313","4,701","1,355","3,508","19,718","4,955","9,483","1,355","5,301","1,269","7,637","1,475","4,396","4,060","38,244","3,193","1,552","6,587","1,169","14,520","26,432","1,234","5,579","4,827","11,799",616,"16,588","5,635","3,546","7,542","10,985","19,410","17,027","12,588","2,122",486,"1,812",664,"9,621","6,703","1,512","9,137","2,756","3,575","3,927",740,"3,641","11,329","3,781","3,612","7,244","2,703",312,"5,211","18,784","4,245","1,727","1,877","4,426","3,807","9,648","1,730","1,795","2,335","9,134","1,340","2,376",514,"1,508","1,528","2,285","1,687","1,729","4,695","1,905","6,723",965,"1,157","13,199","1,976","1,637","8,319","15,292","8,638","1,951","2,620","3,320","3,286","4,424","5,235","2,148","4,890","31,874","2,008","5,658","3,052","1,223","1,692","9,856","3,051","2,032","1,509","24,046","3,648","6,415","3,184","3,074","15,768","4,266","7,124","3,090","3,842",316,"3,242","4,841","5,115","5,818","7,423","9,270","5,272","8,574","4,937","17,409","10,307","4,944","8,326","4,688","8,723","13,990","3,803"
"Men-owned firms, 2012","13,070","1,433",586,"3,051","15,475",948,"3,967","2,148",768,"8,361","1,135","1,202",235,"3,701","3,933","2,925","1,523","9,727","5,324",412,"2,172","2,677","6,944","1,836","16,696","6,320","17,898","3,477",429,"2,148",675,"2,673",780,"6,167",816,"2,803","2,906","1,262","2,486",238,"2,187","12,431","21,681","1,281","1,317",449,"1,300",645,"1,068","2,201","2,575","3,244","1,007","262,460","4,491",637,"2,119","2,287","6,716","2,919","6,046","7,333","6,519",640,"4,045","3,983","2,323",622,"1,837","10,880","2,693","4,368",770,"2,624",630,"3,872",644,"2,621","2,485","20,054","1,462",787,"3,039",489,"7,486","14,240",595,"2,856","2,454","6,014",320,"8,481","2,670","2,096","3,605","5,790","10,524","9,055","6,451",817,173,912,285,"4,447","3,026",662,"4,642","1,245","1,795","2,071",399,"1,572","5,320","1,935","1,978","3,546","1,204",57,"3,103","9,515","2,427",889,969,"2,332","1,931","5,136",824,"1,016","1,126","4,801",695,"1,484",335,737,879,880,710,746,"2,242",797,"4,309",568,509,"6,262","1,037",884,"4,128","7,660","4,578","1,057","1,345","1,703","1,655","2,361","2,496","1,101","2,475","17,592",913,"2,926","1,549",597,565,"4,920","1,383","1,072",887,"12,152","1,850","3,236","1,729","1,562","8,874","2,519","3,433","1,386","1,921",151,"1,888","2,199","2,753","2,975","3,450","4,831","3,040","4,346","2,720","8,952","5,199","2,669","4,553","2,430","4,321","7,376","1,796"
"Women-owned firms, 2012","10,008","1,427",352,"2,193","10,359",748,"2,320","1,463",596,"4,425","1,036",704,222,"2,216","2,335","2,008","1,013","5,733","4,399",321,"1,793","1,720","4,537","1,698","9,018","4,301","13,763","2,775",199,"1,076",359,"2,205",492,"3,421",428,"1,743","2,318","1,142","1,987",184,"2,007","7,768","18,323",800,945,114,"1,046",283,937,"1,472","1,558","1,888",700,"192,358","3,115",422,"1,079","1,526","4,767","2,364","4,293","5,170","5,102",443,"3,127","2,373","1,923",647,"1,085","6,460","1,818","3,354",391,"1,583",446,"2,362",563,"1,418","1,086","14,348","1,235",610,"3,097",454,"5,144","9,516",485,"1,654","1,575","4,133",249,"6,034","1,911",660,"2,877","3,478","6,017","5,427","4,383",857,174,683,197,"4,304","2,929",542,"3,247","1,002","1,214","1,264",191,"1,492","4,784","1,301","1,422","2,415","1,306",177,"1,488","6,706","1,353",643,545,"1,610","1,130","3,610",696,507,852,"2,978",455,499,81,498,416,"1,073",807,671,"1,742",880,"1,728",275,458,"5,987",665,470,"3,101","5,935","2,884",534,997,"1,349","1,102","1,433","2,028",637,"1,671","9,795",810,"2,148",997,442,912,"3,657","1,384",770,496,"9,203","1,338","2,165","1,066","1,044","5,050","1,269","2,918","1,204","1,402",115,785,"1,869","1,517","2,239","2,742","3,079","1,746","3,360","1,591","6,786","3,670","1,695","2,770","1,529","3,158","5,321","1,522"
"Minority-owned firms, 2012","14,254","2,275",520,"3,493","17,152",261,"4,924","1,136","1,008","2,270",639,953,298,"4,471","4,887","4,278","1,831","5,313","7,960",579,986,"2,907","6,517","3,049","8,293","6,328","19,484","3,920",135,722,541,"2,578",292,"6,869",376,"1,941","3,279",949,"2,917",338,"3,953","6,872","25,159",813,"1,469",613,490,649,"1,426","2,217","2,030","1,030","1,234","247,710","3,226",189,628,"1,722","5,115","4,765","7,430","9,516","4,806",259,"6,538","1,596","3,833",782,757,"8,935","4,034","2,411",274,"1,293",695,"2,230",266,"3,806","2,096","18,062",642,822,"5,374",602,"2,936","17,999",835,753,"1,318","2,707",114,"3,471","2,687","1,742","1,096","5,366","9,742","3,642","6,504",216,347,557,487,"6,814","4,194",216,"3,876","1,187","2,246","1,500",85,"1,230","8,714","1,497",613,"1,005","1,243",36,"4,131","12,690","1,030",468,448,"1,820","1,237","2,543",215,994,"1,293","3,408",952,375,F,171,461,495,"1,001",552,"2,404",824,"1,674",176,215,"10,451",556,534,"3,244","3,681","5,493",460,"1,868","2,292","1,286","2,216","1,790",201,978,"12,867",420,"1,482",848,671,157,"1,880",279,289,142,"12,088",972,"1,200","2,247",969,"4,231","1,361","5,398",834,"2,845",177,"2,520","2,272","1,423","1,571","2,922","2,173","3,047","6,692","1,179","12,286","1,575",643,"2,478","3,793","2,847","11,301","1,034"
"Nonminority-owned firms, 2012","10,662",721,563,"2,197","11,181","1,598","1,838","2,797",435,"12,056","1,827","1,074",201,"2,239","2,074","1,206",761,"11,318","2,436",202,"3,272","1,890","6,416",734,"19,640","5,255","14,375","3,186",564,"2,745",670,"2,715","1,387","3,477","1,113","2,981","2,444","1,719","1,965",137,470,"15,218","16,944","1,373",976,61,"2,052",373,918,"1,704","2,332","4,719",628,"235,220","5,215",999,"2,914","2,330","7,895","1,117","3,508","3,781","7,978",898,"1,048","5,309",707,525,"2,547","9,492",795,"6,140","1,006","3,615",489,"4,775","1,129",430,"1,791","18,325","2,297",654,929,466,"10,795","7,295",279,"4,385","3,321","8,493",496,"12,299","2,495","1,364","6,043","4,739","8,339","12,679","5,244","1,706",110,"1,220",151,"2,530","2,148","1,125","4,777","1,345","1,097","2,097",561,"2,172","2,275","1,918","2,867","5,788","1,343",273,882,"5,223","3,012","1,174","1,212","2,439","2,168","6,614","1,474",645,859,"5,254",321,"1,779",415,"1,262",999,"1,708",631,"1,069","1,952",986,"4,819",774,856,"2,423","1,178","1,032","4,704","10,819","2,713","1,257",634,928,"1,793","1,909","3,329","1,731","3,643","16,810","1,508","3,892","1,934",499,"1,451","7,301","2,672","1,616","1,273","10,841","2,431","4,848",743,"1,965","10,662","2,726","1,463","2,061",691,109,673,"2,350","3,439","4,017","4,079","6,514","2,028","1,616","3,525","4,451","8,150","4,117","5,424",736,"5,483","2,322","2,549"
"Veteran-owned firms, 2012","1,744",206,129,501,"1,731",140,424,433,110,953,225,245,49,346,470,193,133,"1,241",435,30,422,272,967,353,"1,928",819,"2,595",362,97,177,64,317,64,705,170,362,281,145,392,38,133,"2,044","3,172",312,193,37,277,30,96,434,399,311,96,"30,581",552,36,309,303,"1,396",260,675,723,"1,480",54,372,685,215,151,299,"1,384",299,634,145,376,50,612,122,234,268,"2,986",193,91,441,38,"1,062","1,484",79,525,242,"1,024",42,"1,615",345,372,490,552,"1,397","1,249",477,107,F,139,35,711,530,45,613,253,243,348,88,297,552,260,318,724,117,F,276,845,340,233,215,274,259,664,138,86,121,675,104,307,F,67,74,257,133,46,300,137,707,131,79,916,98,112,772,998,614,197,126,196,204,238,524,140,239,"1,813",255,522,189,154,81,725,198,202,146,"2,045",396,564,163,317,961,430,270,307,262,F,170,252,424,433,519,850,387,391,414,"1,186",816,346,"1,077",246,841,717,248
"Nonveteran-owned firms, 2012","22,871","2,816",918,"5,213","26,489","1,719","6,256","3,477","1,277","13,312","2,285","1,755",446,"6,305","6,574","5,352","2,472","15,505","9,988",732,"3,812","4,494","11,907","3,474","26,016","10,768","30,889","6,638",671,"3,208","1,112","4,959","1,571","9,496","1,279","4,672","5,308","2,443","4,463",418,"4,291","19,902","38,923","1,896","2,214",636,"2,238",949,"2,197","3,483","3,955","5,397","1,767","452,817","7,740","1,077","3,189","3,782","11,554","5,642","10,099","12,598","11,093","1,108","7,210","6,148","4,343","1,138","2,957","17,116","4,483","8,029","1,138","4,447","1,134","6,434","1,263","4,025","3,594","33,106","2,697","1,410","5,914","1,002","12,533","23,806","1,121","4,590","4,281","9,953",567,"14,027","4,700","2,685","6,661","9,545","16,912","14,969","11,435","1,858",404,"1,601",586,"8,542","5,801","1,289","8,062","2,289","3,013","3,313",574,"3,114","10,395","3,055","3,192","5,988","2,475",281,"4,652","17,095","3,692","1,352","1,508","4,082","3,140","8,672","1,505","1,585","2,022","7,858","1,115","1,925",414,"1,363","1,385","1,926","1,468","1,573","4,015","1,721","5,662",815,947,"11,904","1,654","1,454","7,086","13,522","7,473","1,568","2,424","3,082","2,871","3,943","4,413","1,866","4,465","28,066","1,581","4,839","2,618","1,001","1,529","8,493","2,758","1,742","1,230","21,012","3,004","5,370","2,827","2,559","13,901","3,552","6,645","2,634","3,242",300,"2,982","4,363","4,398","5,133","6,522","7,789","4,758","7,864","4,285","15,563","9,066","4,396","6,785","4,255","7,580","12,866","3,299"
"Population per square mile, 2010","2,444.20","4,801.30","4,627.60","3,611.10","6,747.60","1,894.10","7,652.00","3,481.70","3,248.20","5,975.60","2,088.10","1,281.60","2,186.60","1,674.10","2,631.10","5,620.70","5,669.30","5,959.30","9,008.10","3,315.80","6,637.20","6,802.70","3,924.60","3,403.40","6,295.60","6,046.70","4,418.30","6,133.60","2,461.50","3,048.50","1,748.80","2,824.60","2,525.00","3,181.30","5,695.20","2,582.00","8,502.20","3,684.80","8,173.50","4,189.30","19,287.80","7,103.00","9,191.30","3,659.00","10,599.70","3,514.90","2,129.70",821.8,"6,631.40","3,386.40","3,783.70","8,924.30","3,599.70","8,092.30","6,174.70","1,929.90","3,284.90","2,689.50","5,456.50","4,914.30","7,358.50","3,282.40","4,052.00","3,420.20","10,873.50","4,311.60","2,178.40","3,428.50","1,558.20","5,969.60","11,439.60","2,696.50","1,861.20","1,223.40","4,880.50","2,914.80","2,127.00","7,587.00","7,505.30","4,764.20","5,850.50","5,542.00","4,437.00","4,758.90","4,541.30","11,900.60","4,393.60","3,531.30","2,450.80","4,914.90",930.7,"4,063.90","4,374.80","1,828.10","4,705.30","6,327.40","7,102.20","2,302.00","6,371.10","3,883.30","5,831.00","3,696.90","2,710.10","1,583.90","3,780.20","3,442.20","6,816.50","2,832.10","3,068.30","4,453.60",778.1,"3,624.60","8,926.40","2,275.10","13,669.20","2,617.80","1,193.00","1,661.70","3,570.60","2,763.90","5,129.30","2,260.30","2,814.80","3,092.70","4,466.80","10,769.30","5,249.90","3,187.00","3,490.00","3,433.30","4,520.80",704.3,346.2,"1,701.10","5,042.50","2,384.60","6,326.40","1,697.90","3,088.00","2,235.00",473.4,"2,840.70","1,762.80","3,771.10","8,089.90","6,357.00","6,956.20","10,752.60","6,366.60","2,826.90","12,122.50","16,600.30","2,219.30","7,263.60","1,668.30","1,595.00","1,787.30","3,212.60",517.3,"6,287.50","3,781.90","2,219.70","4,608.10","3,504.10","2,919.00","2,924.50","2,015.70","3,745.00","3,290.00","1,891.50","6,645.60","5,590.80","7,024.40","1,066.90","3,732.80","2,736.40","8,050.30","4,490.10","7,075.60","7,693.80","4,549.30","6,400.30","3,994.70","3,248.10","2,381.50","6,614.20","3,693.20","4,914.60","3,163.80","2,567.60","6,892.40","3,244.20","3,081.50","4,620.80","4,687.80"
"Land area in square miles, 2010",142.16,9.66,6.09,28.35,49.84,9.1,10.52,14.79,7.68,5.71,12.93,23.1,6.12,44.68,29.64,8.73,8.01,17.34,12.41,6.47,9.89,7.03,38.83,15.32,30.45,22.35,111.96,9.02,4.85,5.46,6.19,27.85,4.46,45.32,2.31,19.39,9.42,8.43,7.37,3.23,3.01,26.75,50.29,11.6,1.91,3.72,20.11,21.93,3.25,23.32,17.73,3.94,9.99,468.67,12,5.3,8.47,13.61,36.87,13.59,26.89,49.94,41.23,6.05,9.71,17.84,31.39,5.95,19.12,22.97,4.73,23.88,7.56,39.08,4.45,24.11,3.6,8.3,5.48,97.92,7,4.09,22.35,5.08,19.47,27.27,5.52,12.78,14.12,21.66,10.92,41.29,22.76,8.87,12.74,18.41,20.48,55.03,21.99,2.74,4.41,2.95,9.43,73.18,30.67,4.67,11.08,20.93,13.88,14.58,9.98,15.3,10.05,21.43,1.43,32.92,30.91,4.77,19.47,77.46,5.54,3.57,4.77,13.47,6.49,6.2,2.87,6.69,3.77,36.25,5.14,24.45,14.32,4.39,2.59,7.93,4.16,9.43,14.91,15.85,94.12,3.84,6.42,51.27,1.25,1.68,10.61,10.47,13.34,4.05,3.15,1.97,15.04,6.58,46.47,5.19,12.9,66.11,40.02,9.08,7.9,8.88,2.68,16.47,4.76,3.16,4.45,81.14,16.23,27.44,5.52,4.62,15.65,35.12,14.88,12.58,7.28,1.87,2.84,6.57,6.67,7.47,18.06,19.76,21.5,16.04,12.96,49.63,18.81,8.85,14.43,8.99,33.58,42.43,7.07
FIPS Code,"""0603526""","""0603386""","""0603162""","""0602252""","""0602000""","""0602476""","""0608786""","""0608142""","""0608058""","""0606308""","""0605290""","""0603820""","""0614274""","""0613214""","""0613210""","""0612552""","""0612524""","""0608954""","""0619766""","""0619318""","""0618100""","""0616742""","""0616350""","""0614890""","""0630000""","""0628000""","""0627000""","""0625380""","""0625296""","""0622412""","""0633798""","""0633182""","""0633056""","""0633000""","""0631393""","""0630014""","""0639892""","""0640830""","""0639290""","""0638226""","""0636056""","""0636000""","""0643000""","""0642524""","""0642468""","""0642006""","""0641474""","""0640704""","""0647486""","""0646898""","""0645484""","""0645400""","""0644028""","""0644000""","""0649670""","""0649362""","""0648872""","""0648648""","""0648354""","""0647766""","""0654652""","""0653896""","""0653322""","""0652694""","""0652526""","""0650258""","""0656700""","""0656112""","""0622300""","""0656000""","""0655618""","""0655282""","""0659892""","""0658520""","""0658296""","""0657792""","""0657414""","""0656924""","""0665028""","""0664000""","""0662546""","""0661068""","""0660466""","""0660242""","""0669070""","""0669000""","""0667056""","""0668154""","""0668028""","""0665042""","""0671225""","""0670098""","""0669196""","""0669154""","""0669112""","""0669084""","""0680000""","""0678582""","""0677000""","""0672646""","""0672520""","""0671806""","""0683542""","""0682590""","""0681666""","""0681134""","""0680854""","""0680644""","""0650916""","""0686972""","""0686944""","""0686328""","""0684550""","""0684816""","""0633364""","""0613014""","""0604758""","""0636672""","""0681204""","""0626000""","""0665070""","""0662644""","""0655380""","""0659514""","""0643280""","""0660018""","""0654848""","""0619990""","""0668224""","""0682954""","""0670882""","""0659500""","""0636434""","""0653476""","""0611446""","""0616378""","""0636294""","""0649187""","""0620018""","""0653070""","""0655254""","""0613882""","""0631708""","""0649270""","""0622594""","""0656938""","""0600562""","""0606000""","""0668084""","""0643224""","""0673962""","""0640886""","""0666070""","""0617750""","""0646842""","""0684438""","""0609598""","""0636770""","""0687056""","""0640004""","""0630378""","""0645778""","""0664434""","""0668364""","""0647710""","""0616462""","""0678666""","""0662000""","""0670224""","""0652582""","""0648788""","""0605108""","""0616532""","""0640354""","""0619192""","""0649138""","""0650398""","""0641936""","""0672996""","""0657526""","""0639220""","""0600947""","""0668378""","""0683346""","""0612048""","""0684200""","""0659587""","""0613392""","""0622678""","""0639178""","""0621712""","""0683332""","""0650076""","""0624680""","""0657764"""
,,,,,,,,,,,,,,,,,,,,,,,,,,,,,,,,,,,,,,,,,,,,,,,,,,,,,,,,,,,,,,,,,,,,,,,,,,,,,,,,,,,,,,,,,,,,,,,,,,,,,,,,,,,,,,,,,,,,,,,,,,,,,,,,,,,,,,,,,,,,,,,,,,,,,,,,,,,,,,,,,,,,,,,,,,,,,,,,,,,,,,,,,,,,,,,,,,,
NOTE: FIPS Code values are enclosed in quotes to ensure leading zeros remain intact.,,,,,,,,,,,,,,,,,,,,,,,,,,,,,,,,,,,,,,,,,,,,,,,,,,,,,,,,,,,,,,,,,,,,,,,,,,,,,,,,,,,,,,,,,,,,,,,,,,,,,,,,,,,,,,,,,,,,,,,,,,,,,,,,,,,,,,,,,,,,,,,,,,,,,,,,,,,,,,,,,,,,,,,,,,,,,,,,,,,,,,,,,,,,,,,,,,,
,,,,,,,,,,,,,,,,,,,,,,,,,,,,,,,,,,,,,,,,,,,,,,,,,,,,,,,,,,,,,,,,,,,,,,,,,,,,,,,,,,,,,,,,,,,,,,,,,,,,,,,,,,,,,,,,,,,,,,,,,,,,,,,,,,,,,,,,,,,,,,,,,,,,,,,,,,,,,,,,,,,,,,,,,,,,,,,,,,,,,,,,,,,,,,,,,,,
Value Notes,,,,,,,,,,,,,,,,,,,,,,,,,,,,,,,,,,,,,,,,,,,,,,,,,,,,,,,,,,,,,,,,,,,,,,,,,,,,,,,,,,,,,,,,,,,,,,,,,,,,,,,,,,,,,,,,,,,,,,,,,,,,,,,,,,,,,,,,,,,,,,,,,,,,,,,,,,,,,,,,,,,,,,,,,,,,,,,,,,,,,,,,,,,,,,,,,,,
None,,,,,,,,,,,,,,,,,,,,,,,,,,,,,,,,,,,,,,,,,,,,,,,,,,,,,,,,,,,,,,,,,,,,,,,,,,,,,,,,,,,,,,,,,,,,,,,,,,,,,,,,,,,,,,,,,,,,,,,,,,,,,,,,,,,,,,,,,,,,,,,,,,,,,,,,,,,,,,,,,,,,,,,,,,,,,,,,,,,,,,,,,,,,,,,,,,,
,,,,,,,,,,,,,,,,,,,,,,,,,,,,,,,,,,,,,,,,,,,,,,,,,,,,,,,,,,,,,,,,,,,,,,,,,,,,,,,,,,,,,,,,,,,,,,,,,,,,,,,,,,,,,,,,,,,,,,,,,,,,,,,,,,,,,,,,,,,,,,,,,,,,,,,,,,,,,,,,,,,,,,,,,,,,,,,,,,,,,,,,,,,,,,,,,,,
Fact Notes,,,,,,,,,,,,,,,,,,,,,,,,,,,,,,,,,,,,,,,,,,,,,,,,,,,,,,,,,,,,,,,,,,,,,,,,,,,,,,,,,,,,,,,,,,,,,,,,,,,,,,,,,,,,,,,,,,,,,,,,,,,,,,,,,,,,,,,,,,,,,,,,,,,,,,,,,,,,,,,,,,,,,,,,,,,,,,,,,,,,,,,,,,,,,,,,,,,
(a),,,,,,,,,,,,,,,,,,,,,,,,,,,,,,,,,,,,,,,,,,,,,,,,,,,,,,,,,,,,,,,,,,,,,,,,,,,,,,,,,,,,,,,,,,,,,,,,,,,,,,,,,,,,,,,,,,,,,,,,,,,,,,,,,,,,,,,,,,,,,,,,,,,,,,,,,,,,,,,,,,,,,,,,,,,,,,,,,,,,,,,,,,,,,,,,,,,
(b),,,,,,,,,,,,,,,,,,,,,,,,,,,,,,,,,,,,,,,,,,,,,,,,,,,,,,,,,,,,,,,,,,,,,,,,,,,,,,,,,,,,,,,,,,,,,,,,,,,,,,,,,,,,,,,,,,,,,,,,,,,,,,,,,,,,,,,,,,,,,,,,,,,,,,,,,,,,,,,,,,,,,,,,,,,,,,,,,,,,,,,,,,,,,,,,,,,
(c),,,,,,,,,,,,,,,,,,,,,,,,,,,,,,,,,,,,,,,,,,,,,,,,,,,,,,,,,,,,,,,,,,,,,,,,,,,,,,,,,,,,,,,,,,,,,,,,,,,,,,,,,,,,,,,,,,,,,,,,,,,,,,,,,,,,,,,,,,,,,,,,,,,,,,,,,,,,,,,,,,,,,,,,,,,,,,,,,,,,,,,,,,,,,,,,,,,
,,,,,,,,,,,,,,,,,,,,,,,,,,,,,,,,,,,,,,,,,,,,,,,,,,,,,,,,,,,,,,,,,,,,,,,,,,,,,,,,,,,,,,,,,,,,,,,,,,,,,,,,,,,,,,,,,,,,,,,,,,,,,,,,,,,,,,,,,,,,,,,,,,,,,,,,,,,,,,,,,,,,,,,,,,,,,,,,,,,,,,,,,,,,,,,,,,,
Value Flags,,,,,,,,,,,,,,,,,,,,,,,,,,,,,,,,,,,,,,,,,,,,,,,,,,,,,,,,,,,,,,,,,,,,,,,,,,,,,,,,,,,,,,,,,,,,,,,,,,,,,,,,,,,,,,,,,,,,,,,,,,,,,,,,,,,,,,,,,,,,,,,,,,,,,,,,,,,,,,,,,,,,,,,,,,,,,,,,,,,,,,,,,,,,,,,,,,,
-,,,,,,,,,,,,,,,,,,,,,,,,,,,,,,,,,,,,,,,,,,,,,,,,,,,,,,,,,,,,,,,,,,,,,,,,,,,,,,,,,,,,,,,,,,,,,,,,,,,,,,,,,,,,,,,,,,,,,,,,,,,,,,,,,,,,,,,,,,,,,,,,,,,,,,,,,,,,,,,,,,,,,,,,,,,,,,,,,,,,,,,,,,,,,,,,,,,
D,,,,,,,,,,,,,,,,,,,,,,,,,,,,,,,,,,,,,,,,,,,,,,,,,,,,,,,,,,,,,,,,,,,,,,,,,,,,,,,,,,,,,,,,,,,,,,,,,,,,,,,,,,,,,,,,,,,,,,,,,,,,,,,,,,,,,,,,,,,,,,,,,,,,,,,,,,,,,,,,,,,,,,,,,,,,,,,,,,,,,,,,,,,,,,,,,,,
F,,,,,,,,,,,,,,,,,,,,,,,,,,,,,,,,,,,,,,,,,,,,,,,,,,,,,,,,,,,,,,,,,,,,,,,,,,,,,,,,,,,,,,,,,,,,,,,,,,,,,,,,,,,,,,,,,,,,,,,,,,,,,,,,,,,,,,,,,,,,,,,,,,,,,,,,,,,,,,,,,,,,,,,,,,,,,,,,,,,,,,,,,,,,,,,,,,,
FN,,,,,,,,,,,,,,,,,,,,,,,,,,,,,,,,,,,,,,,,,,,,,,,,,,,,,,,,,,,,,,,,,,,,,,,,,,,,,,,,,,,,,,,,,,,,,,,,,,,,,,,,,,,,,,,,,,,,,,,,,,,,,,,,,,,,,,,,,,,,,,,,,,,,,,,,,,,,,,,,,,,,,,,,,,,,,,,,,,,,,,,,,,,,,,,,,,,
N,,,,,,,,,,,,,,,,,,,,,,,,,,,,,,,,,,,,,,,,,,,,,,,,,,,,,,,,,,,,,,,,,,,,,,,,,,,,,,,,,,,,,,,,,,,,,,,,,,,,,,,,,,,,,,,,,,,,,,,,,,,,,,,,,,,,,,,,,,,,,,,,,,,,,,,,,,,,,,,,,,,,,,,,,,,,,,,,,,,,,,,,,,,,,,,,,,,
NA,,,,,,,,,,,,,,,,,,,,,,,,,,,,,,,,,,,,,,,,,,,,,,,,,,,,,,,,,,,,,,,,,,,,,,,,,,,,,,,,,,,,,,,,,,,,,,,,,,,,,,,,,,,,,,,,,,,,,,,,,,,,,,,,,,,,,,,,,,,,,,,,,,,,,,,,,,,,,,,,,,,,,,,,,,,,,,,,,,,,,,,,,,,,,,,,,,,
S,,,,,,,,,,,,,,,,,,,,,,,,,,,,,,,,,,,,,,,,,,,,,,,,,,,,,,,,,,,,,,,,,,,,,,,,,,,,,,,,,,,,,,,,,,,,,,,,,,,,,,,,,,,,,,,,,,,,,,,,,,,,,,,,,,,,,,,,,,,,,,,,,,,,,,,,,,,,,,,,,,,,,,,,,,,,,,,,,,,,,,,,,,,,,,,,,,,
X,,,,,,,,,,,,,,,,,,,,,,,,,,,,,,,,,,,,,,,,,,,,,,,,,,,,,,,,,,,,,,,,,,,,,,,,,,,,,,,,,,,,,,,,,,,,,,,,,,,,,,,,,,,,,,,,,,,,,,,,,,,,,,,,,,,,,,,,,,,,,,,,,,,,,,,,,,,,,,,,,,,,,,,,,,,,,,,,,,,,,,,,,,,,,,,,,,,
Z,,,,,,,,,,,,,,,,,,,,,,,,,,,,,,,,,,,,,,,,,,,,,,,,,,,,,,,,,,,,,,,,,,,,,,,,,,,,,,,,,,,,,,,,,,,,,,,,,,,,,,,,,,,,,,,,,,,,,,,,,,,,,,,,,,,,,,,,,,,,,,,,,,,,,,,,,,,,,,,,,,,,,,,,,,,,,,,,,,,,,,,,,,,,,,,,,,,